{
    "LinearRegression": {
        "training_time": 0.005365199998777825,
        "prediction_time": 0.0016008999991754536,
        "evaluation_time": 0.0013734999993175734,
        "mae": 34.551108390676205,
        "mape": 0.1624296145426244
    },
    "XGBRegressor": {
        "training_time": 0.808800800001336,
        "prediction_time": 0.014225599999917904,
        "evaluation_time": 0.0011501000008138362,
        "mae": 31.441377639770508,
        "mape": 0.13912872970104218
    },
    "LGBMRegressor": {
        "training_time": 1.6842976000007184,
        "prediction_time": 0.023840899997594533,
        "evaluation_time": 0.001450999996450264,
        "mae": 31.324585688891496,
        "mape": 0.1370620216291223
    },
    "CatBoostRegressor": {
        "training_time": 0.7648496000001614,
        "prediction_time": 0.006886099999974249,
        "evaluation_time": 0.0010567999997874722,
        "mae": 31.614439240049048,
        "mape": 0.13829996868307579
    }
}