{
    "LinearRegression": {
        "training_time": 0.003269299999374198,
        "prediction_time": 0.0019004999994649552,
        "evaluation_time": 0.0018791000002238434,
        "mae": 48.702951725198346,
        "mape": 0.22549644277045933
    },
    "XGBRegressor": {
        "training_time": 0.3547787000024982,
        "prediction_time": 0.017983499998081243,
        "evaluation_time": 0.001218700002937112,
        "mae": 41.103633880615234,
        "mape": 0.1602005958557129
    },
    "LGBMRegressor": {
        "training_time": 1.6023956000026374,
        "prediction_time": 0.03584370000316994,
        "evaluation_time": 0.0018548000007285737,
        "mae": 35.00190402755566,
        "mape": 0.14066782713062886
    },
    "CatBoostRegressor": {
        "training_time": 0.6018370999991021,
        "prediction_time": 0.012415900000632973,
        "evaluation_time": 0.0012323000009928364,
        "mae": 36.17589874841558,
        "mape": 0.14056849961483173
    }
}