{
    "LinearRegression": {
        "training_time": 0.010426299999380717,
        "prediction_time": 0.001390900000842521,
        "evaluation_time": 0.0009577999990142416,
        "mae": 48.702951725198346,
        "mape": 0.22549644277045933
    },
    "XGBRegressor": {
        "training_time": 0.35612899999978254,
        "prediction_time": 0.018570299998827977,
        "evaluation_time": 0.0014114000005065463,
        "mae": 41.103633880615234,
        "mape": 0.1602005958557129
    },
    "LGBMRegressor": {
        "training_time": 2.4438563999974576,
        "prediction_time": 0.0320240000000922,
        "evaluation_time": 0.0012317000000621192,
        "mae": 35.00190402755566,
        "mape": 0.14066782713062886
    },
    "CatBoostRegressor": {
        "training_time": 0.589897199999541,
        "prediction_time": 0.00535150000359863,
        "evaluation_time": 0.0010306999975000508,
        "mae": 36.17589874841558,
        "mape": 0.14056849961483173
    }
}