{
    "LinearRegression": {
        "training_time": 0.0024032000001170672,
        "prediction_time": 0.0011163000017404556,
        "evaluation_time": 0.0007212999989860691,
        "mae": 48.702951725198346,
        "mape": 0.22549644277045933
    },
    "XGBRegressor": {
        "training_time": 0.36177589999715565,
        "prediction_time": 0.02282720000221161,
        "evaluation_time": 0.0012448000015865546,
        "mae": 41.103633880615234,
        "mape": 0.1602005958557129
    },
    "LGBMRegressor": {
        "training_time": 1.6413532000005944,
        "prediction_time": 0.028986199999053497,
        "evaluation_time": 0.001426399998308625,
        "mae": 35.00190402755566,
        "mape": 0.14066782713062886
    },
    "CatBoostRegressor": {
        "training_time": 0.5732446000001801,
        "prediction_time": 0.0071893999993335456,
        "evaluation_time": 0.0010646000009728596,
        "mae": 36.17589874841558,
        "mape": 0.14056849961483173
    }
}