{
  "lr": {
    "training": 0.008116199998767115,
    "prediction": 0.0028354999994917307,
    "evaluation": 0.004260399997292552,
    "mae": 55.45521433994533,
    "mse": 14343.990256299956,
    "rmse": 119.76639869470884,
    "mape": 0.19812904212263965,
    "r2": 0.4724677886865135
  },
  "mlp": {
    "training": 5.82823450000069,
    "prediction": 0.018812500002240995,
    "evaluation": 0.002324500001122942,
    "mae": 54.80855858944294,
    "mse": 14293.12083414339,
    "rmse": 119.55384073355147,
    "mape": 0.19257812749226008,
    "r2": 0.4743386250632119
  },
  "xgboost": {
    "training": 0.21167330000025686,
    "prediction": 0.013191399997595,
    "evaluation": 0.003279700002167374,
    "mae": 52.32539367675781,
    "mse": 13500.71875,
    "rmse": 116.19259643554688,
    "mape": 0.18765997886657715,
    "r2": 0.5034810304641724
  },
  "lightgbm": {
    "training": 0.14638019999983953,
    "prediction": 0.020866499999101507,
    "evaluation": 0.0035219999990658835,
    "mae": 51.99031130187584,
    "mse": 13342.934896639203,
    "rmse": 115.51162234441693,
    "mape": 0.18680799733334125,
    "r2": 0.5092838306729556
  },
  "catboost": {
    "training": 4.266055199997936,
    "prediction": 0.0064448000011907425,
    "evaluation": 0.002827399999659974,
    "mae": 51.24499912911662,
    "mse": 13122.288862514748,
    "rmse": 114.55255938875722,
    "mape": 0.18366193233659917,
    "r2": 0.5173985803499572
  }
}