{
  "lr": {
    "training": 0.0033266000000367058,
    "evaluation": 0.0013865000000805594,
    "mae": 55.45521433994533,
    "rmse": 119.76639869470884,
    "mape": 0.19812904212263965
  },
  "mlp": {
    "training": 4.618915800000195,
    "evaluation": 0.017072399999960908,
    "mae": 54.80855858944294,
    "rmse": 119.55384073355147,
    "mape": 0.19257812749226008
  },
  "xgboost": {
    "training": 0.19333180000012362,
    "evaluation": 0.013037000000167609,
    "mae": 52.32539367675781,
    "rmse": 116.19259643554688,
    "mape": 0.18765997886657715
  },
  "lightgbm": {
    "training": 0.12475249999988591,
    "evaluation": 0.016674699999839504,
    "mae": 51.99031130187584,
    "rmse": 115.51162234441693,
    "mape": 0.18680799733334125
  },
  "catboost": {
    "training": 4.201852499999859,
    "evaluation": 0.005889199999728589,
    "mae": 51.24499912911662,
    "rmse": 114.55255938875722,
    "mape": 0.18366193233659917
  }
}