{
  "lr": {
    "training": 0.004872500001511071,
    "prediction": 0.0023087000008672476,
    "evaluation": 0.0024106999990181066,
    "mae": 55.45521433994533,
    "mse": 14343.990256299956,
    "rmse": 119.76639869470884,
    "mape": 0.19812904212263965,
    "r2": 0.4724677886865135
  },
  "mlp": {
    "training": 4.807122599999275,
    "prediction": 0.019862299999658717,
    "evaluation": 0.0033579999981157016,
    "mae": 54.80855858944294,
    "mse": 14293.12083414339,
    "rmse": 119.55384073355147,
    "mape": 0.19257812749226008,
    "r2": 0.4743386250632119
  },
  "xgboost": {
    "training": 0.19909760000155075,
    "prediction": 0.011502500001370208,
    "evaluation": 0.0038003000008757226,
    "mae": 52.32539367675781,
    "mse": 13500.71875,
    "rmse": 116.19259643554688,
    "mape": 0.18765997886657715,
    "r2": 0.5034810304641724
  },
  "lightgbm": {
    "training": 0.12500039999940782,
    "prediction": 0.016059600002336083,
    "evaluation": 0.002487900001142407,
    "mae": 51.99031130187584,
    "mse": 13342.934896639203,
    "rmse": 115.51162234441693,
    "mape": 0.18680799733334125,
    "r2": 0.5092838306729556
  },
  "catboost": {
    "training": 4.017574899997271,
    "prediction": 0.005936100002145395,
    "evaluation": 0.003388700002687983,
    "mae": 51.24499912911662,
    "mse": 13122.288862514748,
    "rmse": 114.55255938875722,
    "mape": 0.18366193233659917,
    "r2": 0.5173985803499572
  }
}