{
  "linear-regression": {
    "training": 0.0035924999974668026,
    "evaluation": 0.0013718999980483204,
    "mae": 55.45521433994533,
    "rmse": 119.76639869470884,
    "mape": 0.19812904212263965
  },
  "multi-layer-perceptron": {
    "training": 4.784997499999008,
    "evaluation": 0.01818980000098236,
    "mae": 54.80855858944294,
    "rmse": 119.55384073355147,
    "mape": 0.19257812749226008
  },
  "xgboost": {
    "training": 0.1945997000002535,
    "evaluation": 0.011866000000736676,
    "mae": 52.32539367675781,
    "rmse": 116.19259643554688,
    "mape": 0.18765997886657715
  },
  "lightgbm": {
    "training": 0.12576560000161408,
    "evaluation": 0.01583839999511838,
    "mae": 51.99031130187584,
    "rmse": 115.51162234441693,
    "mape": 0.18680799733334125
  },
  "catboost": {
    "training": 4.099586700001964,
    "evaluation": 0.0056981000016094185,
    "mae": 51.24499912911662,
    "rmse": 114.55255938875722,
    "mape": 0.18366193233659917
  }
}