{
  "base": {
    "lr": {
      "training": 0.07928130000027522,
      "evaluation": 0.004487700000026962,
      "mae": 37.16936268699316,
      "rmse": 78.42370770076617,
      "mape": 0.17365049908809857
    },
    "mlp": {
      "training": 4.896007800000007,
      "evaluation": 0.018959500000164553,
      "mae": 36.082712498053176,
      "rmse": 77.45374449466748,
      "mape": 0.16366819246530281
    },
    "xgboost": {
      "training": 0.3502459999999701,
      "evaluation": 0.01621320000003834,
      "mae": 35.4808464050293,
      "rmse": 77.87682342529297,
      "mape": 0.1649097204208374
    },
    "lightgbm": {
      "training": 0.1595698999999513,
      "evaluation": 0.022494300000289513,
      "mae": 35.21461966552676,
      "rmse": 77.26068911813483,
      "mape": 0.1643120624691614
    },
    "catboost": {
      "training": 4.6396082999999635,
      "evaluation": 0.008039800000005926,
      "mae": 34.735039866663,
      "rmse": 76.77020340012379,
      "mape": 0.16155636164327142
    }
  },
  "closure": {
    "lr": {
      "training": 0.00333649999993213,
      "evaluation": 0.0014636999999311229,
      "mae": 61.13231468614567,
      "rmse": 108.37755289366082,
      "mape": 0.29192514560377364
    },
    "mlp": {
      "training": 11.440271400000256,
      "evaluation": 0.017054299999927025,
      "mae": 57.1870824732585,
      "rmse": 101.5431293179924,
      "mape": 0.28254575424143114
    },
    "xgboost": {
      "training": 0.20110369999974864,
      "evaluation": 0.018063699999856908,
      "mae": 55.97098159790039,
      "rmse": 101.9492416381836,
      "mape": 0.2694290578365326
    },
    "lightgbm": {
      "training": 0.11681190000035713,
      "evaluation": 0.014463599999999133,
      "mae": 55.14498109040667,
      "rmse": 100.72654713249764,
      "mape": 0.2691676275067827
    },
    "catboost": {
      "training": 4.413329399999839,
      "evaluation": 0.006278300000303716,
      "mae": 54.642240871518034,
      "rmse": 99.92405901748478,
      "mape": 0.2658362827221888
    }
  },
  "rain": {
    "lr": {
      "training": 0.0033266000000367058,
      "evaluation": 0.0013865000000805594,
      "mae": 55.45521433994533,
      "rmse": 119.76639869470884,
      "mape": 0.19812904212263965
    },
    "mlp": {
      "training": 4.618915800000195,
      "evaluation": 0.017072399999960908,
      "mae": 54.80855858944294,
      "rmse": 119.55384073355147,
      "mape": 0.19257812749226008
    },
    "xgboost": {
      "training": 0.19333180000012362,
      "evaluation": 0.013037000000167609,
      "mae": 52.32539367675781,
      "rmse": 116.19259643554688,
      "mape": 0.18765997886657715
    },
    "lightgbm": {
      "training": 0.12475249999988591,
      "evaluation": 0.016674699999839504,
      "mae": 51.99031130187584,
      "rmse": 115.51162234441693,
      "mape": 0.18680799733334125
    },
    "catboost": {
      "training": 4.201852499999859,
      "evaluation": 0.005889199999728589,
      "mae": 51.24499912911662,
      "rmse": 114.55255938875722,
      "mape": 0.18366193233659917
    }
  },
  "base-closure": {
    "lr": {
      "training": 0.006915899999967223,
      "evaluation": 0.002815600000303675,
      "mae": 52.32147303666105,
      "rmse": 110.90804366804063,
      "mape": 0.19567486104489565
    },
    "mlp": {
      "training": 5.757444600000326,
      "evaluation": 0.01827480000019932,
      "mae": 51.99954763797878,
      "rmse": 111.41230378267517,
      "mape": 0.1891051445814293
    },
    "xgboost": {
      "training": 0.23217449999992823,
      "evaluation": 0.01378789999989749,
      "mae": 50.30146408081055,
      "rmse": 109.02212524414062,
      "mape": 0.18733346462249756
    },
    "lightgbm": {
      "training": 0.13906309999993027,
      "evaluation": 0.03518819999999323,
      "mae": 50.10524760165021,
      "rmse": 108.75165968807129,
      "mape": 0.18649029644396325
    },
    "catboost": {
      "training": 4.49193809999997,
      "evaluation": 0.007100299999819981,
      "mae": 49.57830286305311,
      "rmse": 108.46780912716109,
      "mape": 0.1839884893340993
    }
  },
  "base-rain": {
    "lr": {
      "training": 0.0065407000001869164,
      "evaluation": 0.0026969000000462984,
      "mae": 56.10529050155084,
      "rmse": 128.0210548378168,
      "mape": 0.17736234486151828
    },
    "mlp": {
      "training": 4.9689690999998675,
      "evaluation": 0.020056600000316394,
      "mae": 57.68098914939624,
      "rmse": 129.44860452470695,
      "mape": 0.18060984556609883
    },
    "xgboost": {
      "training": 0.20024319999993168,
      "evaluation": 0.014553199999681965,
      "mae": 55.68606185913086,
      "rmse": 125.5057144165039,
      "mape": 0.17911341786384583
    },
    "lightgbm": {
      "training": 0.1096136999999544,
      "evaluation": 0.02421909999975469,
      "mae": 55.23905411411141,
      "rmse": 125.66231416817439,
      "mape": 0.17485780025253553
    },
    "catboost": {
      "training": 4.234990100000232,
      "evaluation": 0.006318100000044069,
      "mae": 54.9284994376961,
      "rmse": 124.97334518059355,
      "mape": 0.17498071999090525
    }
  }
}