{
  "base": {
    "linear-regression": {
      "MAE": 37.16936268699316,
      "RMSE": 78.42370770076617,
      "MAPE": 0.17365049908809857,
      "Training": 0.02591770000071847,
      "Evaluation": 0.0015531999997620005
    },
    "multi-layer-perceptron": {
      "MAE": 36.082712498053176,
      "RMSE": 77.45374449466748,
      "MAPE": 0.16366819246530281,
      "Training": 4.025267500001064,
      "Evaluation": 0.016771099999459693
    },
    "xgboost": {
      "MAE": 35.4808464050293,
      "RMSE": 77.87682342529297,
      "MAPE": 0.1649097204208374,
      "Training": 0.2512892999984615,
      "Evaluation": 0.010922699999355245
    },
    "lightgbm": {
      "MAE": 35.21461966552676,
      "RMSE": 77.26068911813483,
      "MAPE": 0.1643120624691614,
      "Training": 0.13615849999769125,
      "Evaluation": 0.015768799999932526
    },
    "catboost": {
      "MAE": 34.735039866663,
      "RMSE": 76.77020340012379,
      "MAPE": 0.16155636164327142,
      "Training": 4.0913531000005605,
      "Evaluation": 0.005507599998963997
    }
  },
  "closure": {
    "linear-regression": {
      "MAE": 61.13231468614567,
      "RMSE": 108.37755289366082,
      "MAPE": 0.29192514560377364,
      "Training": 0.0039456999984395225,
      "Evaluation": 0.00184830000216607
    },
    "multi-layer-perceptron": {
      "MAE": 57.1870824732585,
      "RMSE": 101.5431293179924,
      "MAPE": 0.28254575424143114,
      "Training": 11.897371799997927,
      "Evaluation": 0.01729440000053728
    },
    "xgboost": {
      "MAE": 55.97098159790039,
      "RMSE": 101.9492416381836,
      "MAPE": 0.2694290578365326,
      "Training": 0.19212229999902775,
      "Evaluation": 0.010913499998423504
    },
    "lightgbm": {
      "MAE": 55.14498109040667,
      "RMSE": 100.72654713249764,
      "MAPE": 0.2691676275067827,
      "Training": 0.1262870999998995,
      "Evaluation": 0.014618600001995219
    },
    "catboost": {
      "MAE": 54.642240871518034,
      "RMSE": 99.92405901748478,
      "MAPE": 0.2658362827221888,
      "Training": 4.0669898000014655,
      "Evaluation": 0.005969499998172978
    }
  },
  "rain": {
    "linear-regression": {
      "MAE": 55.45521433994533,
      "RMSE": 119.76639869470884,
      "MAPE": 0.19812904212263965,
      "Training": 0.0038559000022360124,
      "Evaluation": 0.0011293999996269122
    },
    "multi-layer-perceptron": {
      "MAE": 54.80855858944294,
      "RMSE": 119.55384073355147,
      "MAPE": 0.19257812749226008,
      "Training": 4.763895300002332,
      "Evaluation": 0.017225700001290534
    },
    "xgboost": {
      "MAE": 52.32539367675781,
      "RMSE": 116.19259643554688,
      "MAPE": 0.18765997886657715,
      "Training": 0.18355789999986882,
      "Evaluation": 0.010938700001133839
    },
    "lightgbm": {
      "MAE": 51.99031130187584,
      "RMSE": 115.51162234441693,
      "MAPE": 0.18680799733334125,
      "Training": 0.11690789999920526,
      "Evaluation": 0.017341899998427834
    },
    "catboost": {
      "MAE": 51.24499912911662,
      "RMSE": 114.55255938875722,
      "MAPE": 0.18366193233659917,
      "Training": 4.041126299998723,
      "Evaluation": 0.0060318999967421405
    }
  },
  "base-closure": {
    "linear-regression": {
      "MAE": 52.32147303666105,
      "RMSE": 110.90804366804063,
      "MAPE": 0.19567486104489565,
      "Training": 0.003839099998003803,
      "Evaluation": 0.0011525000008987263
    },
    "multi-layer-perceptron": {
      "MAE": 51.99954763797878,
      "RMSE": 111.41230378267517,
      "MAPE": 0.1891051445814293,
      "Training": 4.079589600001782,
      "Evaluation": 0.01657619999969029
    },
    "xgboost": {
      "MAE": 50.30146408081055,
      "RMSE": 109.02212524414062,
      "MAPE": 0.18733346462249756,
      "Training": 0.18713539999953355,
      "Evaluation": 0.01082229999883566
    },
    "lightgbm": {
      "MAE": 50.10524760165021,
      "RMSE": 108.75165968807129,
      "MAPE": 0.18649029644396325,
      "Training": 0.12136180000015884,
      "Evaluation": 0.022601399999985006
    },
    "catboost": {
      "MAE": 49.57830286305311,
      "RMSE": 108.46780912716109,
      "MAPE": 0.1839884893340993,
      "Training": 4.014003500000399,
      "Evaluation": 0.006131599999207538
    }
  },
  "base-rain": {
    "linear-regression": {
      "MAE": 56.10529050155084,
      "RMSE": 128.0210548378168,
      "MAPE": 0.17736234486151828,
      "Training": 0.003860799999529263,
      "Evaluation": 0.0013174000014259946
    },
    "multi-layer-perceptron": {
      "MAE": 57.68098914939624,
      "RMSE": 129.44860452470695,
      "MAPE": 0.18060984556609883,
      "Training": 4.050433399999747,
      "Evaluation": 0.01590589999977965
    },
    "xgboost": {
      "MAE": 55.68606185913086,
      "RMSE": 125.5057144165039,
      "MAPE": 0.17911341786384583,
      "Training": 0.18771019999985583,
      "Evaluation": 0.01074990000051912
    },
    "lightgbm": {
      "MAE": 55.23905411411141,
      "RMSE": 125.66231416817439,
      "MAPE": 0.17485780025253553,
      "Training": 0.11829670000224723,
      "Evaluation": 0.020845899998676032
    },
    "catboost": {
      "MAE": 54.9284994376961,
      "RMSE": 124.97334518059355,
      "MAPE": 0.17498071999090525,
      "Training": 4.057902900000045,
      "Evaluation": 0.006392300001607509
    }
  }
}