{
  "base": {
    "lr": {
      "training": 0.06971440000052098,
      "prediction": 0.003222999999707099,
      "evaluation": 0.0030520000000251457,
      "mae": 37.16936268699316,
      "mse": 6150.277929535212,
      "rmse": 78.42370770076617,
      "mape": 0.17365049908809857,
      "r2": 0.5909152344589068
    },
    "mlp": {
      "training": 4.044587100001081,
      "prediction": 0.017535499999212334,
      "evaluation": 0.0027101000014226884,
      "mae": 36.082712498053176,
      "mse": 5999.0825362452315,
      "rmse": 77.45374449466748,
      "mape": 0.16366819246530281,
      "r2": 0.600971972174433
    },
    "xgboost": {
      "training": 0.3115539999998873,
      "prediction": 0.012052499998389976,
      "evaluation": 0.0037621000010403804,
      "mae": 35.4808464050293,
      "mse": 6064.79931640625,
      "rmse": 77.87682342529297,
      "mape": 0.1649097204208374,
      "r2": 0.5966007709503174
    },
    "lightgbm": {
      "training": 0.14568040000085603,
      "prediction": 0.022812299997895025,
      "evaluation": 0.004802499999641441,
      "mae": 35.21461966552676,
      "mse": 5969.214083009078,
      "rmse": 77.26068911813483,
      "mape": 0.1643120624691614,
      "r2": 0.6029586676261148
    },
    "catboost": {
      "training": 4.412702099998569,
      "prediction": 0.006691599999612663,
      "evaluation": 0.001966200001334073,
      "mae": 34.735039866663,
      "mse": 5893.664130096378,
      "rmse": 76.77020340012379,
      "mape": 0.16155636164327142,
      "r2": 0.607983860817062
    }
  },
  "closure": {
    "lr": {
      "training": 0.004266200001438847,
      "prediction": 0.0015430999992531724,
      "evaluation": 0.0036732999978994485,
      "mae": 61.13231468614567,
      "mse": 11745.69397121825,
      "rmse": 108.37755289366082,
      "mape": 0.29192514560377364,
      "r2": 0.4438737358312528
    },
    "mlp": {
      "training": 11.623113300000114,
      "prediction": 0.01742460000241408,
      "evaluation": 0.0024998999979288783,
      "mae": 57.1870824732585,
      "mse": 10311.007111690527,
      "rmse": 101.5431293179924,
      "mape": 0.28254575424143114,
      "r2": 0.5118022077798873
    },
    "xgboost": {
      "training": 0.19295620000048075,
      "prediction": 0.011124099997687154,
      "evaluation": 0.0035939999979746062,
      "mae": 55.97098159790039,
      "mse": 10393.6474609375,
      "rmse": 101.9492416381836,
      "mape": 0.2694290578365326,
      "r2": 0.5078893899917603
    },
    "lightgbm": {
      "training": 0.11902249999911874,
      "prediction": 0.014493200000288198,
      "evaluation": 0.0024841000013111625,
      "mae": 55.14498109040667,
      "mse": 10145.83729723527,
      "rmse": 100.72654713249764,
      "mape": 0.2691676275067827,
      "r2": 0.5196225436486346
    },
    "catboost": {
      "training": 4.136323200000334,
      "prediction": 0.005756399998062989,
      "evaluation": 0.002827399999659974,
      "mae": 54.642240871518034,
      "mse": 9984.817570529782,
      "rmse": 99.92405901748478,
      "mape": 0.2658362827221888,
      "r2": 0.5272463842909692
    }
  },
  "rain": {
    "lr": {
      "training": 0.004872500001511071,
      "prediction": 0.0023087000008672476,
      "evaluation": 0.0024106999990181066,
      "mae": 55.45521433994533,
      "mse": 14343.990256299956,
      "rmse": 119.76639869470884,
      "mape": 0.19812904212263965,
      "r2": 0.4724677886865135
    },
    "mlp": {
      "training": 4.807122599999275,
      "prediction": 0.019862299999658717,
      "evaluation": 0.0033579999981157016,
      "mae": 54.80855858944294,
      "mse": 14293.12083414339,
      "rmse": 119.55384073355147,
      "mape": 0.19257812749226008,
      "r2": 0.4743386250632119
    },
    "xgboost": {
      "training": 0.19909760000155075,
      "prediction": 0.011502500001370208,
      "evaluation": 0.0038003000008757226,
      "mae": 52.32539367675781,
      "mse": 13500.71875,
      "rmse": 116.19259643554688,
      "mape": 0.18765997886657715,
      "r2": 0.5034810304641724
    },
    "lightgbm": {
      "training": 0.12500039999940782,
      "prediction": 0.016059600002336083,
      "evaluation": 0.002487900001142407,
      "mae": 51.99031130187584,
      "mse": 13342.934896639203,
      "rmse": 115.51162234441693,
      "mape": 0.18680799733334125,
      "r2": 0.5092838306729556
    },
    "catboost": {
      "training": 4.017574899997271,
      "prediction": 0.005936100002145395,
      "evaluation": 0.003388700002687983,
      "mae": 51.24499912911662,
      "mse": 13122.288862514748,
      "rmse": 114.55255938875722,
      "mape": 0.18366193233659917,
      "r2": 0.5173985803499572
    }
  },
  "base-closure": {
    "lr": {
      "training": 0.0035940999987360556,
      "prediction": 0.0028313999973761383,
      "evaluation": 0.0035069000005023554,
      "mae": 52.32147303666105,
      "mse": 12300.594150272007,
      "rmse": 110.90804366804063,
      "mape": 0.19567486104489565,
      "r2": 0.4176007404407788
    },
    "mlp": {
      "training": 4.099201799999719,
      "prediction": 0.018651299997145543,
      "evaluation": 0.0031415000012202654,
      "mae": 51.99954763797878,
      "mse": 12412.701434163095,
      "rmse": 111.41230378267517,
      "mape": 0.1891051445814293,
      "r2": 0.4122927692703032
    },
    "xgboost": {
      "training": 0.2038234999999986,
      "prediction": 0.012786100000084843,
      "evaluation": 0.0032905000007303897,
      "mae": 50.30146408081055,
      "mse": 11885.8232421875,
      "rmse": 109.02212524414062,
      "mape": 0.18733346462249756,
      "r2": 0.43723899126052856
    },
    "lightgbm": {
      "training": 0.1319589000013366,
      "prediction": 0.01805180000155815,
      "evaluation": 0.003260099998442456,
      "mae": 50.10524760165021,
      "mse": 11826.92348491007,
      "rmse": 108.75165968807129,
      "mape": 0.18649029644396325,
      "r2": 0.4400277420483081
    },
    "catboost": {
      "training": 4.076774199998908,
      "prediction": 0.005442499998025596,
      "evaluation": 0.0027258000009169336,
      "mae": 49.57830286305311,
      "mse": 11765.265616846249,
      "rmse": 108.46780912716109,
      "mape": 0.1839884893340993,
      "r2": 0.442947072307292
    }
  },
  "base-rain": {
    "lr": {
      "training": 0.003801399998337729,
      "prediction": 0.0014220000011846423,
      "evaluation": 0.002300600001035491,
      "mae": 56.10529050155084,
      "mse": 16389.390481787297,
      "rmse": 128.0210548378168,
      "mape": 0.17736234486151828,
      "r2": 0.3972436366414762
    },
    "mlp": {
      "training": 4.027703499999916,
      "prediction": 0.017775000000256114,
      "evaluation": 0.002548299999034498,
      "mae": 57.68098914939624,
      "mse": 16756.94121339398,
      "rmse": 129.44860452470695,
      "mape": 0.18060984556609883,
      "r2": 0.38372613929591004
    },
    "xgboost": {
      "training": 0.20976709999740706,
      "prediction": 0.012378399998851819,
      "evaluation": 0.0042302999972889666,
      "mae": 55.68606185913086,
      "mse": 15751.6845703125,
      "rmse": 125.5057144165039,
      "mape": 0.17911341786384583,
      "r2": 0.4206967353820801
    },
    "lightgbm": {
      "training": 0.12955399999918882,
      "prediction": 0.017551600001752377,
      "evaluation": 0.003233100000215927,
      "mae": 55.23905411411141,
      "mse": 15791.017202100962,
      "rmse": 125.66231416817439,
      "mape": 0.17485780025253553,
      "r2": 0.41925014764598534
    },
    "catboost": {
      "training": 4.023353999997198,
      "prediction": 0.006171199998789234,
      "evaluation": 0.0026360999981989153,
      "mae": 54.9284994376961,
      "mse": 15618.337005627787,
      "rmse": 124.97334518059355,
      "mape": 0.17498071999090525,
      "r2": 0.42560084673792953
    }
  }
}