{
  "base": {
    "linear-regression": {
      "training": 0.026075699999637436,
      "evaluation": 0.0019548999989638105,
      "mae": 37.16936268699316,
      "rmse": 78.42370770076617,
      "mape": 0.17365049908809857
    },
    "multi-layer-perceptron": {
      "training": 4.572869200004789,
      "evaluation": 0.01766950000455836,
      "mae": 36.082712498053176,
      "rmse": 77.45374449466748,
      "mape": 0.16366819246530281
    },
    "xgboost": {
      "training": 0.267881200001284,
      "evaluation": 0.013755200001469348,
      "mae": 35.4808464050293,
      "rmse": 77.87682342529297,
      "mape": 0.1649097204208374
    },
    "lightgbm": {
      "training": 0.13339620000624564,
      "evaluation": 0.019666400003188755,
      "mae": 35.21461966552676,
      "rmse": 77.26068911813483,
      "mape": 0.1643120624691614
    },
    "catboost": {
      "training": 4.449360400001751,
      "evaluation": 0.005567999993218109,
      "mae": 34.735039866663,
      "rmse": 76.77020340012379,
      "mape": 0.16155636164327142
    }
  },
  "closure": {
    "linear-regression": {
      "training": 0.003751600001123734,
      "evaluation": 0.0013268999973661266,
      "mae": 61.13231468614567,
      "rmse": 108.37755289366082,
      "mape": 0.29192514560377364
    },
    "multi-layer-perceptron": {
      "training": 12.319015699999,
      "evaluation": 0.01742029999877559,
      "mae": 57.1870824732585,
      "rmse": 101.5431293179924,
      "mape": 0.28254575424143114
    },
    "xgboost": {
      "training": 0.20734799999627285,
      "evaluation": 0.011369799998647068,
      "mae": 55.97098159790039,
      "rmse": 101.9492416381836,
      "mape": 0.2694290578365326
    },
    "lightgbm": {
      "training": 0.1263847000009264,
      "evaluation": 0.017349699999613222,
      "mae": 55.14498109040667,
      "rmse": 100.72654713249764,
      "mape": 0.2691676275067827
    },
    "catboost": {
      "training": 4.442018299996562,
      "evaluation": 0.005720300003304146,
      "mae": 54.642240871518034,
      "rmse": 99.92405901748478,
      "mape": 0.2658362827221888
    }
  },
  "rain": {
    "linear-regression": {
      "training": 0.0035924999974668026,
      "evaluation": 0.0013718999980483204,
      "mae": 55.45521433994533,
      "rmse": 119.76639869470884,
      "mape": 0.19812904212263965
    },
    "multi-layer-perceptron": {
      "training": 4.784997499999008,
      "evaluation": 0.01818980000098236,
      "mae": 54.80855858944294,
      "rmse": 119.55384073355147,
      "mape": 0.19257812749226008
    },
    "xgboost": {
      "training": 0.1945997000002535,
      "evaluation": 0.011866000000736676,
      "mae": 52.32539367675781,
      "rmse": 116.19259643554688,
      "mape": 0.18765997886657715
    },
    "lightgbm": {
      "training": 0.12576560000161408,
      "evaluation": 0.01583839999511838,
      "mae": 51.99031130187584,
      "rmse": 115.51162234441693,
      "mape": 0.18680799733334125
    },
    "catboost": {
      "training": 4.099586700001964,
      "evaluation": 0.0056981000016094185,
      "mae": 51.24499912911662,
      "rmse": 114.55255938875722,
      "mape": 0.18366193233659917
    }
  },
  "base-closure": {
    "linear-regression": {
      "training": 0.0041482000015093945,
      "evaluation": 0.0022639000017079525,
      "mae": 52.32147303666105,
      "rmse": 110.90804366804063,
      "mape": 0.19567486104489565
    },
    "multi-layer-perceptron": {
      "training": 4.095728899999813,
      "evaluation": 0.017733300002873875,
      "mae": 51.99954763797878,
      "rmse": 111.41230378267517,
      "mape": 0.1891051445814293
    },
    "xgboost": {
      "training": 0.1987100999976974,
      "evaluation": 0.011518100000103004,
      "mae": 50.30146408081055,
      "rmse": 109.02212524414062,
      "mape": 0.18733346462249756
    },
    "lightgbm": {
      "training": 0.1352792000034242,
      "evaluation": 0.021578899999440182,
      "mae": 50.10524760165021,
      "rmse": 108.75165968807129,
      "mape": 0.18649029644396325
    },
    "catboost": {
      "training": 4.072639899997739,
      "evaluation": 0.005570699999225326,
      "mae": 49.57830286305311,
      "rmse": 108.46780912716109,
      "mape": 0.1839884893340993
    }
  },
  "base-rain": {
    "linear-regression": {
      "training": 0.004233699997712392,
      "evaluation": 0.0013385999991442077,
      "mae": 56.10529050155084,
      "rmse": 128.0210548378168,
      "mape": 0.17736234486151828
    },
    "multi-layer-perceptron": {
      "training": 4.296649500000058,
      "evaluation": 0.017977499999688007,
      "mae": 57.68098914939624,
      "rmse": 129.44860452470695,
      "mape": 0.18060984556609883
    },
    "xgboost": {
      "training": 0.20278830000461312,
      "evaluation": 0.012460099998861551,
      "mae": 55.68606185913086,
      "rmse": 125.5057144165039,
      "mape": 0.17911341786384583
    },
    "lightgbm": {
      "training": 0.12945089999993797,
      "evaluation": 0.01849709999805782,
      "mae": 55.23905411411141,
      "rmse": 125.66231416817439,
      "mape": 0.17485780025253553
    },
    "catboost": {
      "training": 4.044025199997122,
      "evaluation": 0.005550199995923322,
      "mae": 54.9284994376961,
      "rmse": 124.97334518059355,
      "mape": 0.17498071999090525
    }
  }
}