{
  "base": {
    "lr": {
      "training": 0.026213799999823095,
      "prediction": 0.0028314999981375877,
      "evaluation": 0.004461100001208251,
      "mae": 37.16936268699316,
      "mse": 6150.277929535212,
      "rmse": 78.42370770076617,
      "mape": 0.17365049908809857,
      "r2": 0.5909152344589068
    },
    "mlp": {
      "training": 4.893980499997269,
      "prediction": 0.018190799997682916,
      "evaluation": 0.002850400000170339,
      "mae": 36.082712498053176,
      "mse": 5999.0825362452315,
      "rmse": 77.45374449466748,
      "mape": 0.16366819246530281,
      "r2": 0.600971972174433
    },
    "xgboost": {
      "training": 0.2610123000013118,
      "prediction": 0.011944699999730801,
      "evaluation": 0.003215799999452429,
      "mae": 35.4808464050293,
      "mse": 6064.79931640625,
      "rmse": 77.87682342529297,
      "mape": 0.1649097204208374,
      "r2": 0.5966007709503174
    },
    "lightgbm": {
      "training": 0.13966059999802383,
      "prediction": 0.022038499999325722,
      "evaluation": 0.002560799999628216,
      "mae": 35.21461966552676,
      "mse": 5969.214083009078,
      "rmse": 77.26068911813483,
      "mape": 0.1643120624691614,
      "r2": 0.6029586676261148
    },
    "catboost": {
      "training": 4.39128669999991,
      "prediction": 0.00663929999791435,
      "evaluation": 0.005238800000370247,
      "mae": 34.735039866663,
      "mse": 5893.664130096378,
      "rmse": 76.77020340012379,
      "mape": 0.16155636164327142,
      "r2": 0.607983860817062
    }
  },
  "closure": {
    "lr": {
      "training": 0.00541950000115321,
      "prediction": 0.00230089999968186,
      "evaluation": 0.00250909999886062,
      "mae": 61.13231468614567,
      "mse": 11745.69397121825,
      "rmse": 108.37755289366082,
      "mape": 0.29192514560377364,
      "r2": 0.4438737358312528
    },
    "mlp": {
      "training": 14.60888359999808,
      "prediction": 0.017356100001052255,
      "evaluation": 0.003397600001335377,
      "mae": 57.1870824732585,
      "mse": 10311.007111690527,
      "rmse": 101.5431293179924,
      "mape": 0.28254575424143114,
      "r2": 0.5118022077798873
    },
    "xgboost": {
      "training": 0.2088679000007687,
      "prediction": 0.012647199997445568,
      "evaluation": 0.003559999997378327,
      "mae": 55.97098159790039,
      "mse": 10393.6474609375,
      "rmse": 101.9492416381836,
      "mape": 0.2694290578365326,
      "r2": 0.5078893899917603
    },
    "lightgbm": {
      "training": 0.1371185999996669,
      "prediction": 0.019008199997188058,
      "evaluation": 0.004016500002762768,
      "mae": 55.14498109040667,
      "mse": 10145.83729723527,
      "rmse": 100.72654713249764,
      "mape": 0.2691676275067827,
      "r2": 0.5196225436486346
    },
    "catboost": {
      "training": 4.201138500000525,
      "prediction": 0.006981999998970423,
      "evaluation": 0.0034525000010035,
      "mae": 54.642240871518034,
      "mse": 9984.817570529782,
      "rmse": 99.92405901748478,
      "mape": 0.2658362827221888,
      "r2": 0.5272463842909692
    }
  },
  "rain": {
    "lr": {
      "training": 0.008116199998767115,
      "prediction": 0.0028354999994917307,
      "evaluation": 0.004260399997292552,
      "mae": 55.45521433994533,
      "mse": 14343.990256299956,
      "rmse": 119.76639869470884,
      "mape": 0.19812904212263965,
      "r2": 0.4724677886865135
    },
    "mlp": {
      "training": 5.82823450000069,
      "prediction": 0.018812500002240995,
      "evaluation": 0.002324500001122942,
      "mae": 54.80855858944294,
      "mse": 14293.12083414339,
      "rmse": 119.55384073355147,
      "mape": 0.19257812749226008,
      "r2": 0.4743386250632119
    },
    "xgboost": {
      "training": 0.21167330000025686,
      "prediction": 0.013191399997595,
      "evaluation": 0.003279700002167374,
      "mae": 52.32539367675781,
      "mse": 13500.71875,
      "rmse": 116.19259643554688,
      "mape": 0.18765997886657715,
      "r2": 0.5034810304641724
    },
    "lightgbm": {
      "training": 0.14638019999983953,
      "prediction": 0.020866499999101507,
      "evaluation": 0.0035219999990658835,
      "mae": 51.99031130187584,
      "mse": 13342.934896639203,
      "rmse": 115.51162234441693,
      "mape": 0.18680799733334125,
      "r2": 0.5092838306729556
    },
    "catboost": {
      "training": 4.266055199997936,
      "prediction": 0.0064448000011907425,
      "evaluation": 0.002827399999659974,
      "mae": 51.24499912911662,
      "mse": 13122.288862514748,
      "rmse": 114.55255938875722,
      "mape": 0.18366193233659917,
      "r2": 0.5173985803499572
    }
  },
  "base-closure": {
    "lr": {
      "training": 0.006365799999912269,
      "prediction": 0.0017974999973375816,
      "evaluation": 0.003129800003080163,
      "mae": 52.32147303666105,
      "mse": 12300.594150272007,
      "rmse": 110.90804366804063,
      "mape": 0.19567486104489565,
      "r2": 0.4176007404407788
    },
    "mlp": {
      "training": 5.19876640000075,
      "prediction": 0.018908800000644987,
      "evaluation": 0.0041572000009182375,
      "mae": 51.99954763797878,
      "mse": 12412.701434163095,
      "rmse": 111.41230378267517,
      "mape": 0.1891051445814293,
      "r2": 0.4122927692703032
    },
    "xgboost": {
      "training": 0.22583319999830564,
      "prediction": 0.013362399997276952,
      "evaluation": 0.003928899997845292,
      "mae": 50.30146408081055,
      "mse": 11885.8232421875,
      "rmse": 109.02212524414062,
      "mape": 0.18733346462249756,
      "r2": 0.43723899126052856
    },
    "lightgbm": {
      "training": 0.14217830000052345,
      "prediction": 0.023883799996838206,
      "evaluation": 0.004974600000423379,
      "mae": 50.10524760165021,
      "mse": 11826.92348491007,
      "rmse": 108.75165968807129,
      "mape": 0.18649029644396325,
      "r2": 0.4400277420483081
    },
    "catboost": {
      "training": 4.3181524999999965,
      "prediction": 0.00734780000129831,
      "evaluation": 0.003767800000787247,
      "mae": 49.57830286305311,
      "mse": 11765.265616846249,
      "rmse": 108.46780912716109,
      "mape": 0.1839884893340993,
      "r2": 0.442947072307292
    }
  },
  "base-rain": {
    "lr": {
      "training": 0.006574799997906666,
      "prediction": 0.002512799997930415,
      "evaluation": 0.003896900001564063,
      "mae": 56.10529050155084,
      "mse": 16389.390481787297,
      "rmse": 128.0210548378168,
      "mape": 0.17736234486151828,
      "r2": 0.3972436366414762
    },
    "mlp": {
      "training": 5.083205899998575,
      "prediction": 0.017181800001708325,
      "evaluation": 0.0034790999998222105,
      "mae": 57.68098914939624,
      "mse": 16756.94121339398,
      "rmse": 129.44860452470695,
      "mape": 0.18060984556609883,
      "r2": 0.38372613929591004
    },
    "xgboost": {
      "training": 0.2104284999986703,
      "prediction": 0.014233300000341842,
      "evaluation": 0.0035196999997424427,
      "mae": 55.68606185913086,
      "mse": 15751.6845703125,
      "rmse": 125.5057144165039,
      "mape": 0.17911341786384583,
      "r2": 0.4206967353820801
    },
    "lightgbm": {
      "training": 0.14064629999847966,
      "prediction": 0.024483499997586478,
      "evaluation": 0.005113200000778306,
      "mae": 55.23905411411141,
      "mse": 15791.017202100962,
      "rmse": 125.66231416817439,
      "mape": 0.17485780025253553,
      "r2": 0.41925014764598534
    },
    "catboost": {
      "training": 4.364257699999143,
      "prediction": 0.006048399998690002,
      "evaluation": 0.0036002000015287194,
      "mae": 54.9284994376961,
      "mse": 15618.337005627787,
      "rmse": 124.97334518059355,
      "mape": 0.17498071999090525,
      "r2": 0.42560084673792953
    }
  }
}