{
    "LinearRegression": {
        "training_time": 0.005767599999671802,
        "prediction_time": 0.0016937000000325497,
        "evaluation_time": 0.001190799997857539,
        "mae": 40.42766246134905,
        "mape": 0.15445433664730124
    },
    "XGBRegressor": {
        "training_time": 0.9602638999967894,
        "prediction_time": 0.020762600001035025,
        "evaluation_time": 0.0030347000028996263,
        "mae": 44.04673385620117,
        "mape": 0.16590867936611176
    },
    "LGBMRegressor": {
        "training_time": 1.6191082000004826,
        "prediction_time": 0.02210399999967194,
        "evaluation_time": 0.0018821000012394506,
        "mae": 43.9608476789433,
        "mape": 0.1651860425704744
    },
    "CatBoostRegressor": {
        "training_time": 0.9037289000007149,
        "prediction_time": 0.007256799999595387,
        "evaluation_time": 0.0017047000001184642,
        "mae": 44.07192963217915,
        "mape": 0.1657961698977629
    }
}