{
  "lr": {
    "training": 0.06971440000052098,
    "prediction": 0.003222999999707099,
    "evaluation": 0.0030520000000251457,
    "mae": 37.16936268699316,
    "mse": 6150.277929535212,
    "rmse": 78.42370770076617,
    "mape": 0.17365049908809857,
    "r2": 0.5909152344589068
  },
  "mlp": {
    "training": 4.044587100001081,
    "prediction": 0.017535499999212334,
    "evaluation": 0.0027101000014226884,
    "mae": 36.082712498053176,
    "mse": 5999.0825362452315,
    "rmse": 77.45374449466748,
    "mape": 0.16366819246530281,
    "r2": 0.600971972174433
  },
  "xgboost": {
    "training": 0.3115539999998873,
    "prediction": 0.012052499998389976,
    "evaluation": 0.0037621000010403804,
    "mae": 35.4808464050293,
    "mse": 6064.79931640625,
    "rmse": 77.87682342529297,
    "mape": 0.1649097204208374,
    "r2": 0.5966007709503174
  },
  "lightgbm": {
    "training": 0.14568040000085603,
    "prediction": 0.022812299997895025,
    "evaluation": 0.004802499999641441,
    "mae": 35.21461966552676,
    "mse": 5969.214083009078,
    "rmse": 77.26068911813483,
    "mape": 0.1643120624691614,
    "r2": 0.6029586676261148
  },
  "catboost": {
    "training": 4.412702099998569,
    "prediction": 0.006691599999612663,
    "evaluation": 0.001966200001334073,
    "mae": 34.735039866663,
    "mse": 5893.664130096378,
    "rmse": 76.77020340012379,
    "mape": 0.16155636164327142,
    "r2": 0.607983860817062
  }
}