{
  "lr": {
    "training": 0.07928130000027522,
    "evaluation": 0.004487700000026962,
    "mae": 37.16936268699316,
    "rmse": 78.42370770076617,
    "mape": 0.17365049908809857
  },
  "mlp": {
    "training": 4.896007800000007,
    "evaluation": 0.018959500000164553,
    "mae": 36.082712498053176,
    "rmse": 77.45374449466748,
    "mape": 0.16366819246530281
  },
  "xgboost": {
    "training": 0.3502459999999701,
    "evaluation": 0.01621320000003834,
    "mae": 35.4808464050293,
    "rmse": 77.87682342529297,
    "mape": 0.1649097204208374
  },
  "lightgbm": {
    "training": 0.1595698999999513,
    "evaluation": 0.022494300000289513,
    "mae": 35.21461966552676,
    "rmse": 77.26068911813483,
    "mape": 0.1643120624691614
  },
  "catboost": {
    "training": 4.6396082999999635,
    "evaluation": 0.008039800000005926,
    "mae": 34.735039866663,
    "rmse": 76.77020340012379,
    "mape": 0.16155636164327142
  }
}