{
  "lr": {
    "training": 0.026213799999823095,
    "prediction": 0.0028314999981375877,
    "evaluation": 0.004461100001208251,
    "mae": 37.16936268699316,
    "mse": 6150.277929535212,
    "rmse": 78.42370770076617,
    "mape": 0.17365049908809857,
    "r2": 0.5909152344589068
  },
  "mlp": {
    "training": 4.893980499997269,
    "prediction": 0.018190799997682916,
    "evaluation": 0.002850400000170339,
    "mae": 36.082712498053176,
    "mse": 5999.0825362452315,
    "rmse": 77.45374449466748,
    "mape": 0.16366819246530281,
    "r2": 0.600971972174433
  },
  "xgboost": {
    "training": 0.2610123000013118,
    "prediction": 0.011944699999730801,
    "evaluation": 0.003215799999452429,
    "mae": 35.4808464050293,
    "mse": 6064.79931640625,
    "rmse": 77.87682342529297,
    "mape": 0.1649097204208374,
    "r2": 0.5966007709503174
  },
  "lightgbm": {
    "training": 0.13966059999802383,
    "prediction": 0.022038499999325722,
    "evaluation": 0.002560799999628216,
    "mae": 35.21461966552676,
    "mse": 5969.214083009078,
    "rmse": 77.26068911813483,
    "mape": 0.1643120624691614,
    "r2": 0.6029586676261148
  },
  "catboost": {
    "training": 4.39128669999991,
    "prediction": 0.00663929999791435,
    "evaluation": 0.005238800000370247,
    "mae": 34.735039866663,
    "mse": 5893.664130096378,
    "rmse": 76.77020340012379,
    "mape": 0.16155636164327142,
    "r2": 0.607983860817062
  }
}