{
  "linear-regression": {
    "training": 0.026075699999637436,
    "evaluation": 0.0019548999989638105,
    "mae": 37.16936268699316,
    "rmse": 78.42370770076617,
    "mape": 0.17365049908809857
  },
  "multi-layer-perceptron": {
    "training": 4.572869200004789,
    "evaluation": 0.01766950000455836,
    "mae": 36.082712498053176,
    "rmse": 77.45374449466748,
    "mape": 0.16366819246530281
  },
  "xgboost": {
    "training": 0.267881200001284,
    "evaluation": 0.013755200001469348,
    "mae": 35.4808464050293,
    "rmse": 77.87682342529297,
    "mape": 0.1649097204208374
  },
  "lightgbm": {
    "training": 0.13339620000624564,
    "evaluation": 0.019666400003188755,
    "mae": 35.21461966552676,
    "rmse": 77.26068911813483,
    "mape": 0.1643120624691614
  },
  "catboost": {
    "training": 4.449360400001751,
    "evaluation": 0.005567999993218109,
    "mae": 34.735039866663,
    "rmse": 76.77020340012379,
    "mape": 0.16155636164327142
  }
}