{
  "lr": {
    "training": 0.0065407000001869164,
    "evaluation": 0.0026969000000462984,
    "mae": 56.10529050155084,
    "rmse": 128.0210548378168,
    "mape": 0.17736234486151828
  },
  "mlp": {
    "training": 4.9689690999998675,
    "evaluation": 0.020056600000316394,
    "mae": 57.68098914939624,
    "rmse": 129.44860452470695,
    "mape": 0.18060984556609883
  },
  "xgboost": {
    "training": 0.20024319999993168,
    "evaluation": 0.014553199999681965,
    "mae": 55.68606185913086,
    "rmse": 125.5057144165039,
    "mape": 0.17911341786384583
  },
  "lightgbm": {
    "training": 0.1096136999999544,
    "evaluation": 0.02421909999975469,
    "mae": 55.23905411411141,
    "rmse": 125.66231416817439,
    "mape": 0.17485780025253553
  },
  "catboost": {
    "training": 4.234990100000232,
    "evaluation": 0.006318100000044069,
    "mae": 54.9284994376961,
    "rmse": 124.97334518059355,
    "mape": 0.17498071999090525
  }
}