{
  "lr": {
    "training": 0.006574799997906666,
    "prediction": 0.002512799997930415,
    "evaluation": 0.003896900001564063,
    "mae": 56.10529050155084,
    "mse": 16389.390481787297,
    "rmse": 128.0210548378168,
    "mape": 0.17736234486151828,
    "r2": 0.3972436366414762
  },
  "mlp": {
    "training": 5.083205899998575,
    "prediction": 0.017181800001708325,
    "evaluation": 0.0034790999998222105,
    "mae": 57.68098914939624,
    "mse": 16756.94121339398,
    "rmse": 129.44860452470695,
    "mape": 0.18060984556609883,
    "r2": 0.38372613929591004
  },
  "xgboost": {
    "training": 0.2104284999986703,
    "prediction": 0.014233300000341842,
    "evaluation": 0.0035196999997424427,
    "mae": 55.68606185913086,
    "mse": 15751.6845703125,
    "rmse": 125.5057144165039,
    "mape": 0.17911341786384583,
    "r2": 0.4206967353820801
  },
  "lightgbm": {
    "training": 0.14064629999847966,
    "prediction": 0.024483499997586478,
    "evaluation": 0.005113200000778306,
    "mae": 55.23905411411141,
    "mse": 15791.017202100962,
    "rmse": 125.66231416817439,
    "mape": 0.17485780025253553,
    "r2": 0.41925014764598534
  },
  "catboost": {
    "training": 4.364257699999143,
    "prediction": 0.006048399998690002,
    "evaluation": 0.0036002000015287194,
    "mae": 54.9284994376961,
    "mse": 15618.337005627787,
    "rmse": 124.97334518059355,
    "mape": 0.17498071999090525,
    "r2": 0.42560084673792953
  }
}