{
  "lr": {
    "training": 0.003801399998337729,
    "prediction": 0.0014220000011846423,
    "evaluation": 0.002300600001035491,
    "mae": 56.10529050155084,
    "mse": 16389.390481787297,
    "rmse": 128.0210548378168,
    "mape": 0.17736234486151828,
    "r2": 0.3972436366414762
  },
  "mlp": {
    "training": 4.027703499999916,
    "prediction": 0.017775000000256114,
    "evaluation": 0.002548299999034498,
    "mae": 57.68098914939624,
    "mse": 16756.94121339398,
    "rmse": 129.44860452470695,
    "mape": 0.18060984556609883,
    "r2": 0.38372613929591004
  },
  "xgboost": {
    "training": 0.20976709999740706,
    "prediction": 0.012378399998851819,
    "evaluation": 0.0042302999972889666,
    "mae": 55.68606185913086,
    "mse": 15751.6845703125,
    "rmse": 125.5057144165039,
    "mape": 0.17911341786384583,
    "r2": 0.4206967353820801
  },
  "lightgbm": {
    "training": 0.12955399999918882,
    "prediction": 0.017551600001752377,
    "evaluation": 0.003233100000215927,
    "mae": 55.23905411411141,
    "mse": 15791.017202100962,
    "rmse": 125.66231416817439,
    "mape": 0.17485780025253553,
    "r2": 0.41925014764598534
  },
  "catboost": {
    "training": 4.023353999997198,
    "prediction": 0.006171199998789234,
    "evaluation": 0.0026360999981989153,
    "mae": 54.9284994376961,
    "mse": 15618.337005627787,
    "rmse": 124.97334518059355,
    "mape": 0.17498071999090525,
    "r2": 0.42560084673792953
  }
}