{
  "linear-regression": {
    "training": 0.004233699997712392,
    "evaluation": 0.0013385999991442077,
    "mae": 56.10529050155084,
    "rmse": 128.0210548378168,
    "mape": 0.17736234486151828
  },
  "multi-layer-perceptron": {
    "training": 4.296649500000058,
    "evaluation": 0.017977499999688007,
    "mae": 57.68098914939624,
    "rmse": 129.44860452470695,
    "mape": 0.18060984556609883
  },
  "xgboost": {
    "training": 0.20278830000461312,
    "evaluation": 0.012460099998861551,
    "mae": 55.68606185913086,
    "rmse": 125.5057144165039,
    "mape": 0.17911341786384583
  },
  "lightgbm": {
    "training": 0.12945089999993797,
    "evaluation": 0.01849709999805782,
    "mae": 55.23905411411141,
    "rmse": 125.66231416817439,
    "mape": 0.17485780025253553
  },
  "catboost": {
    "training": 4.044025199997122,
    "evaluation": 0.005550199995923322,
    "mae": 54.9284994376961,
    "rmse": 124.97334518059355,
    "mape": 0.17498071999090525
  }
}