{
  "lr": {
    "training": 0.005219099999521859,
    "prediction": 0.0015081000019563362,
    "evaluation": 0.002212899998994544,
    "mae": 50.35993564734962,
    "mse": 11027.724518416582,
    "rmse": 105.01297309578747,
    "mape": 0.1766982750889967,
    "r2": 0.44085357721436846
  },
  "mlp": {
    "training": 3.9149665999975696,
    "prediction": 0.016094999999040738,
    "evaluation": 0.003191700001480058,
    "mae": 49.86510580089727,
    "mse": 10843.382723315168,
    "rmse": 104.13156449086496,
    "mape": 0.1749302031168505,
    "r2": 0.4502003880753671
  },
  "xgboost": {
    "training": 0.18057039999985136,
    "prediction": 0.010695100001612445,
    "evaluation": 0.004221699997287942,
    "mae": 48.011878967285156,
    "mse": 10540.5224609375,
    "rmse": 102.66704559326172,
    "mape": 0.16660143435001373,
    "r2": 0.4655565619468689
  },
  "lightgbm": {
    "training": 0.10752209999918705,
    "prediction": 0.01759229999879608,
    "evaluation": 0.003121800000371877,
    "mae": 47.81343179521928,
    "mse": 10483.725393490688,
    "rmse": 102.39006491594137,
    "mape": 0.1663227769041151,
    "r2": 0.46843634500956033
  },
  "catboost": {
    "training": 3.929650699999911,
    "prediction": 0.005988000000797911,
    "evaluation": 0.0032561999978497624,
    "mae": 47.10152221164137,
    "mse": 10384.881614601894,
    "rmse": 101.90623933107283,
    "mape": 0.1626328787474592,
    "r2": 0.4734480902057685
  }
}