{
  "base": {
    "lr": {
      "training": 0.01480690000607865,
      "prediction": 0.001906299999973271,
      "evaluation": 0.0019541000001481734,
      "mae": 37.99377440614351,
      "mse": 6335.16669252087,
      "rmse": 79.59376038685991,
      "mape": 0.16201171662118113,
      "r2": 0.5497365708345145
    },
    "mlp": {
      "training": 3.949798500005272,
      "prediction": 0.015182800001639407,
      "evaluation": 0.0032041000013123266,
      "mae": 37.33516726622242,
      "mse": 6152.512391683622,
      "rmse": 78.43795249548283,
      "mape": 0.15912951693096242,
      "r2": 0.5627184789418255
    },
    "xgboost": {
      "training": 0.24855959999695187,
      "prediction": 0.010721999999077525,
      "evaluation": 0.0031909000026644208,
      "mae": 35.9993896484375,
      "mse": 6209.095703125,
      "rmse": 78.79781341552734,
      "mape": 0.15156187117099762,
      "r2": 0.5586969256401062
    },
    "lightgbm": {
      "training": 0.12184020000131568,
      "prediction": 0.016727100002754014,
      "evaluation": 0.0030802999972365797,
      "mae": 35.818549839948886,
      "mse": 6135.442800574445,
      "rmse": 78.3290674052388,
      "mape": 0.15183085928727633,
      "r2": 0.5639316771101301
    },
    "catboost": {
      "training": 4.1266679000036675,
      "prediction": 0.006000399996992201,
      "evaluation": 0.002239599998574704,
      "mae": 35.13814450532068,
      "mse": 6048.988235522118,
      "rmse": 77.77524179018744,
      "mape": 0.14803364654213702,
      "r2": 0.5700763187299676
    }
  },
  "closure": {
    "lr": {
      "training": 0.005039200004830491,
      "prediction": 0.0017407999985152856,
      "evaluation": 0.002183599994168617,
      "mae": 57.95267091104389,
      "mse": 10530.175597816524,
      "rmse": 102.61664386353962,
      "mape": 0.23331579245640435,
      "r2": 0.46608114783873167
    },
    "mlp": {
      "training": 5.796398599995882,
      "prediction": 0.016361500005587004,
      "evaluation": 0.002913800002716016,
      "mae": 53.3203575428047,
      "mse": 10216.712193139525,
      "rmse": 101.0777532058342,
      "mape": 0.19783448793526337,
      "r2": 0.4819749019043722
    },
    "xgboost": {
      "training": 0.1861990000033984,
      "prediction": 0.010524900004384108,
      "evaluation": 0.0030039999983273447,
      "mae": 57.31137466430664,
      "mse": 10538.96484375,
      "rmse": 102.65946197509766,
      "mape": 0.2271781712770462,
      "r2": 0.4656355381011963
    },
    "lightgbm": {
      "training": 0.11988969999947585,
      "prediction": 0.015823199995793402,
      "evaluation": 0.003151099997921847,
      "mae": 55.84258250901366,
      "mse": 10197.062299393303,
      "rmse": 100.98050455109295,
      "mape": 0.22162986213599603,
      "r2": 0.4829712241989643
    },
    "catboost": {
      "training": 4.0038300000014715,
      "prediction": 0.008938600003602915,
      "evaluation": 0.002941600003396161,
      "mae": 55.37833620460651,
      "mse": 10024.596001011689,
      "rmse": 100.12290447750549,
      "mape": 0.2187375984348785,
      "r2": 0.4917159034508002
    }
  },
  "rain": {
    "lr": {
      "training": 0.004572199999529403,
      "prediction": 0.0015610000045853667,
      "evaluation": 0.002272999998240266,
      "mae": 56.911607305564026,
      "mse": 14953.419512821869,
      "rmse": 122.28417523466341,
      "mape": 0.18926743283520317,
      "r2": 0.43327336628924895
    },
    "mlp": {
      "training": 6.015222800000629,
      "prediction": 0.017479599999205675,
      "evaluation": 0.0037969999975757673,
      "mae": 55.56788072384074,
      "mse": 14993.580154365056,
      "rmse": 122.44827542421761,
      "mape": 0.177296993075269,
      "r2": 0.43175129936870815
    },
    "xgboost": {
      "training": 0.2310250000009546,
      "prediction": 0.012110000003303867,
      "evaluation": 0.00468630000250414,
      "mae": 53.35141372680664,
      "mse": 13874.4755859375,
      "rmse": 117.78996276855469,
      "mape": 0.17453616857528687,
      "r2": 0.4741647243499756
    },
    "lightgbm": {
      "training": 0.1252091999995173,
      "prediction": 0.017234999999345746,
      "evaluation": 0.0028986000033910386,
      "mae": 52.80272134960076,
      "mse": 13750.841038711898,
      "rmse": 117.2639801418658,
      "mape": 0.17328240585179652,
      "r2": 0.47885044983331526
    },
    "catboost": {
      "training": 4.011706600002071,
      "prediction": 0.005982499998935964,
      "evaluation": 0.0022097999972174875,
      "mae": 52.26830158851002,
      "mse": 13595.154931519071,
      "rmse": 116.59826298671464,
      "mape": 0.1705664547983317,
      "r2": 0.4847508703604909
    }
  },
  "base-closure": {
    "lr": {
      "training": 0.007777799997711554,
      "prediction": 0.002380799996899441,
      "evaluation": 0.003643199997895863,
      "mae": 50.35993564734962,
      "mse": 11027.724518416582,
      "rmse": 105.01297309578747,
      "mape": 0.1766982750889967,
      "r2": 0.44085357721436846
    },
    "mlp": {
      "training": 3.9348817999998573,
      "prediction": 0.015786500000103842,
      "evaluation": 0.0029662999950232916,
      "mae": 49.86510580089727,
      "mse": 10843.382723315168,
      "rmse": 104.13156449086496,
      "mape": 0.1749302031168505,
      "r2": 0.4502003880753671
    },
    "xgboost": {
      "training": 0.1939727999997558,
      "prediction": 0.013845499997842126,
      "evaluation": 0.003458300001511816,
      "mae": 48.011878967285156,
      "mse": 10540.5224609375,
      "rmse": 102.66704559326172,
      "mape": 0.16660143435001373,
      "r2": 0.4655565619468689
    },
    "lightgbm": {
      "training": 0.11425759999838192,
      "prediction": 0.019158600000082515,
      "evaluation": 0.0035117999941576272,
      "mae": 47.81343179521928,
      "mse": 10483.725393490688,
      "rmse": 102.39006491594137,
      "mape": 0.1663227769041151,
      "r2": 0.46843634500956033
    },
    "catboost": {
      "training": 4.019251899997471,
      "prediction": 0.005982599999697413,
      "evaluation": 0.004015599995909724,
      "mae": 47.10152221164137,
      "mse": 10384.881614601894,
      "rmse": 101.90623933107283,
      "mape": 0.1626328787474592,
      "r2": 0.4734480902057685
    }
  },
  "base-rain": {
    "lr": {
      "training": 0.004270800003723707,
      "prediction": 0.002969699999084696,
      "evaluation": 0.003953899999032728,
      "mae": 57.965061799701694,
      "mse": 17145.257724132127,
      "rmse": 130.9399011918526,
      "mape": 0.16989106529392614,
      "r2": 0.35020386569312434
    },
    "mlp": {
      "training": 4.049448300000222,
      "prediction": 0.0176666000043042,
      "evaluation": 0.0029624000017065555,
      "mae": 58.65019321115489,
      "mse": 17303.578687603385,
      "rmse": 131.54306780519977,
      "mape": 0.17289440594915978,
      "r2": 0.34420358551660857
    },
    "xgboost": {
      "training": 0.18355539999902248,
      "prediction": 0.010639600004651584,
      "evaluation": 0.00314990000333637,
      "mae": 57.36600875854492,
      "mse": 16489.529296875,
      "rmse": 128.41156005859375,
      "mape": 0.1702420711517334,
      "r2": 0.37505561113357544
    },
    "lightgbm": {
      "training": 0.1323493000018061,
      "prediction": 0.01881610000418732,
      "evaluation": 0.0032659000062267296,
      "mae": 57.00495842245208,
      "mse": 16556.594545782184,
      "rmse": 128.6724311800402,
      "mape": 0.16766554021491187,
      "r2": 0.37251388656625495
    },
    "catboost": {
      "training": 4.0774748000039835,
      "prediction": 0.005520400001842063,
      "evaluation": 0.002422999998088926,
      "mae": 56.486358448629645,
      "mse": 16358.008137562603,
      "rmse": 127.89842898785975,
      "mape": 0.1659970486892664,
      "r2": 0.38004020564895646
    }
  }
}