{
  "base": {
    "lr": {
      "training": 0.03312039999946137,
      "prediction": 0.0022877000010339543,
      "evaluation": 0.0030060000008234056,
      "mae": 37.99377440614351,
      "mse": 6335.16669252087,
      "rmse": 79.59376038685991,
      "mape": 0.16201171662118113,
      "r2": 0.5497365708345145
    },
    "mlp": {
      "training": 4.935131800000818,
      "prediction": 0.018284800000401447,
      "evaluation": 0.003563100000974373,
      "mae": 37.33516726622242,
      "mse": 6152.512391683622,
      "rmse": 78.43795249548283,
      "mape": 0.15912951693096242,
      "r2": 0.5627184789418255
    },
    "xgboost": {
      "training": 0.3936336000006122,
      "prediction": 0.022200299999894924,
      "evaluation": 0.006261499998799991,
      "mae": 35.9993896484375,
      "mse": 6209.095703125,
      "rmse": 78.79781341552734,
      "mape": 0.15156187117099762,
      "r2": 0.5586969256401062
    },
    "lightgbm": {
      "training": 0.20222370000010415,
      "prediction": 0.033307899999272195,
      "evaluation": 0.006404899999324698,
      "mae": 35.818549839948886,
      "mse": 6135.442800574445,
      "rmse": 78.3290674052388,
      "mape": 0.15183085928727633,
      "r2": 0.5639316771101301
    },
    "catboost": {
      "training": 5.521687200000088,
      "prediction": 0.009277699999074684,
      "evaluation": 0.0028282000002946006,
      "mae": 35.13814450532068,
      "mse": 6048.988235522118,
      "rmse": 77.77524179018744,
      "mape": 0.14803364654213702,
      "r2": 0.5700763187299676
    }
  },
  "closure": {
    "lr": {
      "training": 0.005942600000707898,
      "prediction": 0.002300699999977951,
      "evaluation": 0.0038848000003781635,
      "mae": 57.95267091104389,
      "mse": 10530.175597816524,
      "rmse": 102.61664386353962,
      "mape": 0.23331579245640435,
      "r2": 0.46608114783873167
    },
    "mlp": {
      "training": 8.006012899999405,
      "prediction": 0.019255299999713316,
      "evaluation": 0.004224100001010811,
      "mae": 53.3203575428047,
      "mse": 10216.712193139525,
      "rmse": 101.0777532058342,
      "mape": 0.19783448793526337,
      "r2": 0.4819749019043722
    },
    "xgboost": {
      "training": 0.29149019999931625,
      "prediction": 0.027003100000001723,
      "evaluation": 0.006286399999225978,
      "mae": 57.31137466430664,
      "mse": 10538.96484375,
      "rmse": 102.65946197509766,
      "mape": 0.2271781712770462,
      "r2": 0.4656355381011963
    },
    "lightgbm": {
      "training": 0.2218023000004905,
      "prediction": 0.03769310000097903,
      "evaluation": 0.007354499999564723,
      "mae": 55.84258250901366,
      "mse": 10197.062299393303,
      "rmse": 100.98050455109295,
      "mape": 0.22162986213599603,
      "r2": 0.4829712241989643
    },
    "catboost": {
      "training": 6.598496299999169,
      "prediction": 0.00800619999972696,
      "evaluation": 0.0036571000000549247,
      "mae": 55.37833620460651,
      "mse": 10024.596001011689,
      "rmse": 100.12290447750549,
      "mape": 0.2187375984348785,
      "r2": 0.4917159034508002
    }
  },
  "rain": {
    "lr": {
      "training": 0.005137000000104308,
      "prediction": 0.0023646000008739065,
      "evaluation": 0.007592599999043159,
      "mae": 56.911607305564026,
      "mse": 14953.419512821869,
      "rmse": 122.28417523466341,
      "mape": 0.18926743283520317,
      "r2": 0.43327336628924895
    },
    "mlp": {
      "training": 9.034370499999568,
      "prediction": 0.019301599999380414,
      "evaluation": 0.0043423000006441725,
      "mae": 55.56788072384074,
      "mse": 14993.580154365056,
      "rmse": 122.44827542421761,
      "mape": 0.177296993075269,
      "r2": 0.43175129936870815
    },
    "xgboost": {
      "training": 0.27546760000041104,
      "prediction": 0.021200000001044828,
      "evaluation": 0.0053299999999580905,
      "mae": 53.35141372680664,
      "mse": 13874.4755859375,
      "rmse": 117.78996276855469,
      "mape": 0.17453616857528687,
      "r2": 0.4741647243499756
    },
    "lightgbm": {
      "training": 0.1761994999997114,
      "prediction": 0.028279399999519228,
      "evaluation": 0.005446799999845098,
      "mae": 52.80272134960076,
      "mse": 13750.841038711898,
      "rmse": 117.2639801418658,
      "mape": 0.17328240585179652,
      "r2": 0.47885044983331526
    },
    "catboost": {
      "training": 5.553746300000057,
      "prediction": 0.008549599999241764,
      "evaluation": 0.003816000000369968,
      "mae": 52.26830158851002,
      "mse": 13595.154931519071,
      "rmse": 116.59826298671464,
      "mape": 0.1705664547983317,
      "r2": 0.4847508703604909
    }
  },
  "base-closure": {
    "lr": {
      "training": 0.004342799998994451,
      "prediction": 0.0017067000007955357,
      "evaluation": 0.003773299999011215,
      "mae": 50.35993564734962,
      "mse": 11027.724518416582,
      "rmse": 105.01297309578747,
      "mape": 0.1766982750889967,
      "r2": 0.44085357721436846
    },
    "mlp": {
      "training": 5.155906500000128,
      "prediction": 0.01831510000010894,
      "evaluation": 0.0032529000000067754,
      "mae": 49.86510580089727,
      "mse": 10843.382723315168,
      "rmse": 104.13156449086496,
      "mape": 0.1749302031168505,
      "r2": 0.4502003880753671
    },
    "xgboost": {
      "training": 0.2571172999996634,
      "prediction": 0.017150399999081856,
      "evaluation": 0.005799299999125651,
      "mae": 48.011878967285156,
      "mse": 10540.5224609375,
      "rmse": 102.66704559326172,
      "mape": 0.16660143435001373,
      "r2": 0.4655565619468689
    },
    "lightgbm": {
      "training": 0.15990200000123878,
      "prediction": 0.023799099999450846,
      "evaluation": 0.0038794000010966556,
      "mae": 47.81343179521928,
      "mse": 10483.725393490688,
      "rmse": 102.39006491594137,
      "mape": 0.1663227769041151,
      "r2": 0.46843634500956033
    },
    "catboost": {
      "training": 5.4374783000002935,
      "prediction": 0.008624899999631452,
      "evaluation": 0.0032734999986132607,
      "mae": 47.10152221164137,
      "mse": 10384.881614601894,
      "rmse": 101.90623933107283,
      "mape": 0.1626328787474592,
      "r2": 0.4734480902057685
    }
  },
  "base-rain": {
    "lr": {
      "training": 0.005010999999285559,
      "prediction": 0.0025870000008580973,
      "evaluation": 0.0027697999994416023,
      "mae": 57.965061799701694,
      "mse": 17145.257724132127,
      "rmse": 130.9399011918526,
      "mape": 0.16989106529392614,
      "r2": 0.35020386569312434
    },
    "mlp": {
      "training": 5.045205200000055,
      "prediction": 0.018456499999956577,
      "evaluation": 0.00483650000023772,
      "mae": 58.65019321115489,
      "mse": 17303.578687603385,
      "rmse": 131.54306780519977,
      "mape": 0.17289440594915978,
      "r2": 0.34420358551660857
    },
    "xgboost": {
      "training": 0.2725848000009137,
      "prediction": 0.017569699999512522,
      "evaluation": 0.00466969999979483,
      "mae": 57.36600875854492,
      "mse": 16489.529296875,
      "rmse": 128.41156005859375,
      "mape": 0.1702420711517334,
      "r2": 0.37505561113357544
    },
    "lightgbm": {
      "training": 0.16280399999959627,
      "prediction": 0.029760999999780324,
      "evaluation": 0.00421239999923273,
      "mae": 57.00495842245208,
      "mse": 16556.594545782184,
      "rmse": 128.6724311800402,
      "mape": 0.16766554021491187,
      "r2": 0.37251388656625495
    },
    "catboost": {
      "training": 5.513346099998671,
      "prediction": 0.008547100000214414,
      "evaluation": 0.0037200999995548045,
      "mae": 56.486358448629645,
      "mse": 16358.008137562603,
      "rmse": 127.89842898785975,
      "mape": 0.1659970486892664,
      "r2": 0.38004020564895646
    }
  }
}