{
  "lr": {
    "training": 0.03312039999946137,
    "prediction": 0.0022877000010339543,
    "evaluation": 0.0030060000008234056,
    "mae": 37.99377440614351,
    "mse": 6335.16669252087,
    "rmse": 79.59376038685991,
    "mape": 0.16201171662118113,
    "r2": 0.5497365708345145
  },
  "mlp": {
    "training": 4.935131800000818,
    "prediction": 0.018284800000401447,
    "evaluation": 0.003563100000974373,
    "mae": 37.33516726622242,
    "mse": 6152.512391683622,
    "rmse": 78.43795249548283,
    "mape": 0.15912951693096242,
    "r2": 0.5627184789418255
  },
  "xgboost": {
    "training": 0.3936336000006122,
    "prediction": 0.022200299999894924,
    "evaluation": 0.006261499998799991,
    "mae": 35.9993896484375,
    "mse": 6209.095703125,
    "rmse": 78.79781341552734,
    "mape": 0.15156187117099762,
    "r2": 0.5586969256401062
  },
  "lightgbm": {
    "training": 0.20222370000010415,
    "prediction": 0.033307899999272195,
    "evaluation": 0.006404899999324698,
    "mae": 35.818549839948886,
    "mse": 6135.442800574445,
    "rmse": 78.3290674052388,
    "mape": 0.15183085928727633,
    "r2": 0.5639316771101301
  },
  "catboost": {
    "training": 5.521687200000088,
    "prediction": 0.009277699999074684,
    "evaluation": 0.0028282000002946006,
    "mae": 35.13814450532068,
    "mse": 6048.988235522118,
    "rmse": 77.77524179018744,
    "mape": 0.14803364654213702,
    "r2": 0.5700763187299676
  }
}