{
  "lr": {
    "training": 0.005010999999285559,
    "prediction": 0.0025870000008580973,
    "evaluation": 0.0027697999994416023,
    "mae": 57.965061799701694,
    "mse": 17145.257724132127,
    "rmse": 130.9399011918526,
    "mape": 0.16989106529392614,
    "r2": 0.35020386569312434
  },
  "mlp": {
    "training": 5.045205200000055,
    "prediction": 0.018456499999956577,
    "evaluation": 0.00483650000023772,
    "mae": 58.65019321115489,
    "mse": 17303.578687603385,
    "rmse": 131.54306780519977,
    "mape": 0.17289440594915978,
    "r2": 0.34420358551660857
  },
  "xgboost": {
    "training": 0.2725848000009137,
    "prediction": 0.017569699999512522,
    "evaluation": 0.00466969999979483,
    "mae": 57.36600875854492,
    "mse": 16489.529296875,
    "rmse": 128.41156005859375,
    "mape": 0.1702420711517334,
    "r2": 0.37505561113357544
  },
  "lightgbm": {
    "training": 0.16280399999959627,
    "prediction": 0.029760999999780324,
    "evaluation": 0.00421239999923273,
    "mae": 57.00495842245208,
    "mse": 16556.594545782184,
    "rmse": 128.6724311800402,
    "mape": 0.16766554021491187,
    "r2": 0.37251388656625495
  },
  "catboost": {
    "training": 5.513346099998671,
    "prediction": 0.008547100000214414,
    "evaluation": 0.0037200999995548045,
    "mae": 56.486358448629645,
    "mse": 16358.008137562603,
    "rmse": 127.89842898785975,
    "mape": 0.1659970486892664,
    "r2": 0.38004020564895646
  }
}