{
  "lr": {
    "training": 0.007777799997711554,
    "prediction": 0.002380799996899441,
    "evaluation": 0.003643199997895863,
    "mae": 50.35993564734962,
    "mse": 11027.724518416582,
    "rmse": 105.01297309578747,
    "mape": 0.1766982750889967,
    "r2": 0.44085357721436846
  },
  "mlp": {
    "training": 3.9348817999998573,
    "prediction": 0.015786500000103842,
    "evaluation": 0.0029662999950232916,
    "mae": 49.86510580089727,
    "mse": 10843.382723315168,
    "rmse": 104.13156449086496,
    "mape": 0.1749302031168505,
    "r2": 0.4502003880753671
  },
  "xgboost": {
    "training": 0.1939727999997558,
    "prediction": 0.013845499997842126,
    "evaluation": 0.003458300001511816,
    "mae": 48.011878967285156,
    "mse": 10540.5224609375,
    "rmse": 102.66704559326172,
    "mape": 0.16660143435001373,
    "r2": 0.4655565619468689
  },
  "lightgbm": {
    "training": 0.11425759999838192,
    "prediction": 0.019158600000082515,
    "evaluation": 0.0035117999941576272,
    "mae": 47.81343179521928,
    "mse": 10483.725393490688,
    "rmse": 102.39006491594137,
    "mape": 0.1663227769041151,
    "r2": 0.46843634500956033
  },
  "catboost": {
    "training": 4.019251899997471,
    "prediction": 0.005982599999697413,
    "evaluation": 0.004015599995909724,
    "mae": 47.10152221164137,
    "mse": 10384.881614601894,
    "rmse": 101.90623933107283,
    "mape": 0.1626328787474592,
    "r2": 0.4734480902057685
  }
}