{
  "lr": {
    "training": 0.004342799998994451,
    "prediction": 0.0017067000007955357,
    "evaluation": 0.003773299999011215,
    "mae": 50.35993564734962,
    "mse": 11027.724518416582,
    "rmse": 105.01297309578747,
    "mape": 0.1766982750889967,
    "r2": 0.44085357721436846
  },
  "mlp": {
    "training": 5.155906500000128,
    "prediction": 0.01831510000010894,
    "evaluation": 0.0032529000000067754,
    "mae": 49.86510580089727,
    "mse": 10843.382723315168,
    "rmse": 104.13156449086496,
    "mape": 0.1749302031168505,
    "r2": 0.4502003880753671
  },
  "xgboost": {
    "training": 0.2571172999996634,
    "prediction": 0.017150399999081856,
    "evaluation": 0.005799299999125651,
    "mae": 48.011878967285156,
    "mse": 10540.5224609375,
    "rmse": 102.66704559326172,
    "mape": 0.16660143435001373,
    "r2": 0.4655565619468689
  },
  "lightgbm": {
    "training": 0.15990200000123878,
    "prediction": 0.023799099999450846,
    "evaluation": 0.0038794000010966556,
    "mae": 47.81343179521928,
    "mse": 10483.725393490688,
    "rmse": 102.39006491594137,
    "mape": 0.1663227769041151,
    "r2": 0.46843634500956033
  },
  "catboost": {
    "training": 5.4374783000002935,
    "prediction": 0.008624899999631452,
    "evaluation": 0.0032734999986132607,
    "mae": 47.10152221164137,
    "mse": 10384.881614601894,
    "rmse": 101.90623933107283,
    "mape": 0.1626328787474592,
    "r2": 0.4734480902057685
  }
}