{
  "lr": {
    "training": 0.01480690000607865,
    "prediction": 0.001906299999973271,
    "evaluation": 0.0019541000001481734,
    "mae": 37.99377440614351,
    "mse": 6335.16669252087,
    "rmse": 79.59376038685991,
    "mape": 0.16201171662118113,
    "r2": 0.5497365708345145
  },
  "mlp": {
    "training": 3.949798500005272,
    "prediction": 0.015182800001639407,
    "evaluation": 0.0032041000013123266,
    "mae": 37.33516726622242,
    "mse": 6152.512391683622,
    "rmse": 78.43795249548283,
    "mape": 0.15912951693096242,
    "r2": 0.5627184789418255
  },
  "xgboost": {
    "training": 0.24855959999695187,
    "prediction": 0.010721999999077525,
    "evaluation": 0.0031909000026644208,
    "mae": 35.9993896484375,
    "mse": 6209.095703125,
    "rmse": 78.79781341552734,
    "mape": 0.15156187117099762,
    "r2": 0.5586969256401062
  },
  "lightgbm": {
    "training": 0.12184020000131568,
    "prediction": 0.016727100002754014,
    "evaluation": 0.0030802999972365797,
    "mae": 35.818549839948886,
    "mse": 6135.442800574445,
    "rmse": 78.3290674052388,
    "mape": 0.15183085928727633,
    "r2": 0.5639316771101301
  },
  "catboost": {
    "training": 4.1266679000036675,
    "prediction": 0.006000399996992201,
    "evaluation": 0.002239599998574704,
    "mae": 35.13814450532068,
    "mse": 6048.988235522118,
    "rmse": 77.77524179018744,
    "mape": 0.14803364654213702,
    "r2": 0.5700763187299676
  }
}