{
  "lr": {
    "training": 0.00401610000335495,
    "prediction": 0.002798500001517823,
    "evaluation": 0.0026354000001447275,
    "mae": 57.965061799701694,
    "mse": 17145.257724132127,
    "rmse": 130.9399011918526,
    "mape": 0.16989106529392614,
    "r2": 0.35020386569312434
  },
  "mlp": {
    "training": 4.024816599998303,
    "prediction": 0.016071400001237635,
    "evaluation": 0.002825300001859432,
    "mae": 58.65019321115489,
    "mse": 17303.578687603385,
    "rmse": 131.54306780519977,
    "mape": 0.17289440594915978,
    "r2": 0.34420358551660857
  },
  "xgboost": {
    "training": 0.1852141000017582,
    "prediction": 0.010780100001284154,
    "evaluation": 0.0032260000007227063,
    "mae": 57.36600875854492,
    "mse": 16489.529296875,
    "rmse": 128.41156005859375,
    "mape": 0.1702420711517334,
    "r2": 0.37505561113357544
  },
  "lightgbm": {
    "training": 0.11070380000091973,
    "prediction": 0.01859820000026957,
    "evaluation": 0.0027694999989762437,
    "mae": 57.00495842245208,
    "mse": 16556.594545782184,
    "rmse": 128.6724311800402,
    "mape": 0.16766554021491187,
    "r2": 0.37251388656625495
  },
  "catboost": {
    "training": 3.950230600003124,
    "prediction": 0.005670999998983461,
    "evaluation": 0.00261780000073486,
    "mae": 56.486358448629645,
    "mse": 16358.008137562603,
    "rmse": 127.89842898785975,
    "mape": 0.1659970486892664,
    "r2": 0.38004020564895646
  }
}