{
  "lr": {
    "training": 0.05775690000155009,
    "prediction": 0.002543599999626167,
    "evaluation": 0.004082700001163175,
    "mae": 37.99377440614351,
    "mse": 6335.16669252087,
    "rmse": 79.59376038685991,
    "mape": 0.16201171662118113,
    "r2": 0.5497365708345145
  },
  "mlp": {
    "training": 4.554573700002948,
    "prediction": 0.018447599999490194,
    "evaluation": 0.0033527000014146324,
    "mae": 37.33516726622242,
    "mse": 6152.512391683622,
    "rmse": 78.43795249548283,
    "mape": 0.15912951693096242,
    "r2": 0.5627184789418255
  },
  "xgboost": {
    "training": 0.3341266999996151,
    "prediction": 0.014677900002425304,
    "evaluation": 0.004134500002692221,
    "mae": 35.9993896484375,
    "mse": 6209.095703125,
    "rmse": 78.79781341552734,
    "mape": 0.15156187117099762,
    "r2": 0.5586969256401062
  },
  "lightgbm": {
    "training": 0.1301686000006157,
    "prediction": 0.022042299999156967,
    "evaluation": 0.004092399998626206,
    "mae": 35.818549839948886,
    "mse": 6135.442800574445,
    "rmse": 78.3290674052388,
    "mape": 0.15183085928727633,
    "r2": 0.5639316771101301
  },
  "catboost": {
    "training": 4.871855599998526,
    "prediction": 0.006898899999214336,
    "evaluation": 0.0034867999966081697,
    "mae": 35.13814450532068,
    "mse": 6048.988235522118,
    "rmse": 77.77524179018744,
    "mape": 0.14803364654213702,
    "r2": 0.5700763187299676
  }
}