{
  "lr": {
    "training": 0.005942600000707898,
    "prediction": 0.002300699999977951,
    "evaluation": 0.0038848000003781635,
    "mae": 57.95267091104389,
    "mse": 10530.175597816524,
    "rmse": 102.61664386353962,
    "mape": 0.23331579245640435,
    "r2": 0.46608114783873167
  },
  "mlp": {
    "training": 8.006012899999405,
    "prediction": 0.019255299999713316,
    "evaluation": 0.004224100001010811,
    "mae": 53.3203575428047,
    "mse": 10216.712193139525,
    "rmse": 101.0777532058342,
    "mape": 0.19783448793526337,
    "r2": 0.4819749019043722
  },
  "xgboost": {
    "training": 0.29149019999931625,
    "prediction": 0.027003100000001723,
    "evaluation": 0.006286399999225978,
    "mae": 57.31137466430664,
    "mse": 10538.96484375,
    "rmse": 102.65946197509766,
    "mape": 0.2271781712770462,
    "r2": 0.4656355381011963
  },
  "lightgbm": {
    "training": 0.2218023000004905,
    "prediction": 0.03769310000097903,
    "evaluation": 0.007354499999564723,
    "mae": 55.84258250901366,
    "mse": 10197.062299393303,
    "rmse": 100.98050455109295,
    "mape": 0.22162986213599603,
    "r2": 0.4829712241989643
  },
  "catboost": {
    "training": 6.598496299999169,
    "prediction": 0.00800619999972696,
    "evaluation": 0.0036571000000549247,
    "mae": 55.37833620460651,
    "mse": 10024.596001011689,
    "rmse": 100.12290447750549,
    "mape": 0.2187375984348785,
    "r2": 0.4917159034508002
  }
}