{
  "lr": {
    "training": 0.0045552000010502525,
    "prediction": 0.003047299996978836,
    "evaluation": 0.005910200001380872,
    "mae": 57.95267091104389,
    "mse": 10530.175597816524,
    "rmse": 102.61664386353962,
    "mape": 0.23331579245640435,
    "r2": 0.46608114783873167
  },
  "mlp": {
    "training": 6.097869599998376,
    "prediction": 0.016229000000748783,
    "evaluation": 0.0028108000005886424,
    "mae": 53.3203575428047,
    "mse": 10216.712193139525,
    "rmse": 101.0777532058342,
    "mape": 0.19783448793526337,
    "r2": 0.4819749019043722
  },
  "xgboost": {
    "training": 0.2038730000022042,
    "prediction": 0.011199500000657281,
    "evaluation": 0.0037737999991804827,
    "mae": 57.31137466430664,
    "mse": 10538.96484375,
    "rmse": 102.65946197509766,
    "mape": 0.2271781712770462,
    "r2": 0.4656355381011963
  },
  "lightgbm": {
    "training": 0.117257800000516,
    "prediction": 0.018255800001497846,
    "evaluation": 0.003925499997421866,
    "mae": 55.84258250901366,
    "mse": 10197.062299393303,
    "rmse": 100.98050455109295,
    "mape": 0.22162986213599603,
    "r2": 0.4829712241989643
  },
  "catboost": {
    "training": 4.321663700000499,
    "prediction": 0.007162300000345567,
    "evaluation": 0.0039012000015645754,
    "mae": 55.37833620460651,
    "mse": 10024.596001011689,
    "rmse": 100.12290447750549,
    "mape": 0.2187375984348785,
    "r2": 0.4917159034508002
  }
}