{
  "lr": {
    "training": 0.005039200004830491,
    "prediction": 0.0017407999985152856,
    "evaluation": 0.002183599994168617,
    "mae": 57.95267091104389,
    "mse": 10530.175597816524,
    "rmse": 102.61664386353962,
    "mape": 0.23331579245640435,
    "r2": 0.46608114783873167
  },
  "mlp": {
    "training": 5.796398599995882,
    "prediction": 0.016361500005587004,
    "evaluation": 0.002913800002716016,
    "mae": 53.3203575428047,
    "mse": 10216.712193139525,
    "rmse": 101.0777532058342,
    "mape": 0.19783448793526337,
    "r2": 0.4819749019043722
  },
  "xgboost": {
    "training": 0.1861990000033984,
    "prediction": 0.010524900004384108,
    "evaluation": 0.0030039999983273447,
    "mae": 57.31137466430664,
    "mse": 10538.96484375,
    "rmse": 102.65946197509766,
    "mape": 0.2271781712770462,
    "r2": 0.4656355381011963
  },
  "lightgbm": {
    "training": 0.11988969999947585,
    "prediction": 0.015823199995793402,
    "evaluation": 0.003151099997921847,
    "mae": 55.84258250901366,
    "mse": 10197.062299393303,
    "rmse": 100.98050455109295,
    "mape": 0.22162986213599603,
    "r2": 0.4829712241989643
  },
  "catboost": {
    "training": 4.0038300000014715,
    "prediction": 0.008938600003602915,
    "evaluation": 0.002941600003396161,
    "mae": 55.37833620460651,
    "mse": 10024.596001011689,
    "rmse": 100.12290447750549,
    "mape": 0.2187375984348785,
    "r2": 0.4917159034508002
  }
}