{
  "lr": {
    "training": 0.006078599999455037,
    "prediction": 0.002388799999607727,
    "evaluation": 0.003567200001270976,
    "mae": 56.911607305564026,
    "mse": 14953.419512821869,
    "rmse": 122.28417523466341,
    "mape": 0.18926743283520317,
    "r2": 0.43327336628924895
  },
  "mlp": {
    "training": 7.801007900001423,
    "prediction": 0.01677380000182893,
    "evaluation": 0.0037990000018908177,
    "mae": 55.56788072384074,
    "mse": 14993.580154365056,
    "rmse": 122.44827542421761,
    "mape": 0.177296993075269,
    "r2": 0.43175129936870815
  },
  "xgboost": {
    "training": 0.23934809999991558,
    "prediction": 0.017864999997982522,
    "evaluation": 0.005975100000796374,
    "mae": 53.35141372680664,
    "mse": 13874.4755859375,
    "rmse": 117.78996276855469,
    "mape": 0.17453616857528687,
    "r2": 0.4741647243499756
  },
  "lightgbm": {
    "training": 0.11873740000010002,
    "prediction": 0.019623500000307104,
    "evaluation": 0.004136799998377683,
    "mae": 52.80272134960076,
    "mse": 13750.841038711898,
    "rmse": 117.2639801418658,
    "mape": 0.17328240585179652,
    "r2": 0.47885044983331526
  },
  "catboost": {
    "training": 4.301504999999452,
    "prediction": 0.00858429999789223,
    "evaluation": 0.004631300002074568,
    "mae": 52.26830158851002,
    "mse": 13595.154931519071,
    "rmse": 116.59826298671464,
    "mape": 0.1705664547983317,
    "r2": 0.4847508703604909
  }
}