{
  "lr": {
    "training": 0.005137000000104308,
    "prediction": 0.0023646000008739065,
    "evaluation": 0.007592599999043159,
    "mae": 56.911607305564026,
    "mse": 14953.419512821869,
    "rmse": 122.28417523466341,
    "mape": 0.18926743283520317,
    "r2": 0.43327336628924895
  },
  "mlp": {
    "training": 9.034370499999568,
    "prediction": 0.019301599999380414,
    "evaluation": 0.0043423000006441725,
    "mae": 55.56788072384074,
    "mse": 14993.580154365056,
    "rmse": 122.44827542421761,
    "mape": 0.177296993075269,
    "r2": 0.43175129936870815
  },
  "xgboost": {
    "training": 0.27546760000041104,
    "prediction": 0.021200000001044828,
    "evaluation": 0.0053299999999580905,
    "mae": 53.35141372680664,
    "mse": 13874.4755859375,
    "rmse": 117.78996276855469,
    "mape": 0.17453616857528687,
    "r2": 0.4741647243499756
  },
  "lightgbm": {
    "training": 0.1761994999997114,
    "prediction": 0.028279399999519228,
    "evaluation": 0.005446799999845098,
    "mae": 52.80272134960076,
    "mse": 13750.841038711898,
    "rmse": 117.2639801418658,
    "mape": 0.17328240585179652,
    "r2": 0.47885044983331526
  },
  "catboost": {
    "training": 5.553746300000057,
    "prediction": 0.008549599999241764,
    "evaluation": 0.003816000000369968,
    "mae": 52.26830158851002,
    "mse": 13595.154931519071,
    "rmse": 116.59826298671464,
    "mape": 0.1705664547983317,
    "r2": 0.4847508703604909
  }
}