{
  "lr": {
    "training": 0.004572199999529403,
    "prediction": 0.0015610000045853667,
    "evaluation": 0.002272999998240266,
    "mae": 56.911607305564026,
    "mse": 14953.419512821869,
    "rmse": 122.28417523466341,
    "mape": 0.18926743283520317,
    "r2": 0.43327336628924895
  },
  "mlp": {
    "training": 6.015222800000629,
    "prediction": 0.017479599999205675,
    "evaluation": 0.0037969999975757673,
    "mae": 55.56788072384074,
    "mse": 14993.580154365056,
    "rmse": 122.44827542421761,
    "mape": 0.177296993075269,
    "r2": 0.43175129936870815
  },
  "xgboost": {
    "training": 0.2310250000009546,
    "prediction": 0.012110000003303867,
    "evaluation": 0.00468630000250414,
    "mae": 53.35141372680664,
    "mse": 13874.4755859375,
    "rmse": 117.78996276855469,
    "mape": 0.17453616857528687,
    "r2": 0.4741647243499756
  },
  "lightgbm": {
    "training": 0.1252091999995173,
    "prediction": 0.017234999999345746,
    "evaluation": 0.0028986000033910386,
    "mae": 52.80272134960076,
    "mse": 13750.841038711898,
    "rmse": 117.2639801418658,
    "mape": 0.17328240585179652,
    "r2": 0.47885044983331526
  },
  "catboost": {
    "training": 4.011706600002071,
    "prediction": 0.005982499998935964,
    "evaluation": 0.0022097999972174875,
    "mae": 52.26830158851002,
    "mse": 13595.154931519071,
    "rmse": 116.59826298671464,
    "mape": 0.1705664547983317,
    "r2": 0.4847508703604909
  }
}