{
  "linear-regression": {
    "training": 0.003751600001123734,
    "evaluation": 0.0013268999973661266,
    "mae": 61.13231468614567,
    "rmse": 108.37755289366082,
    "mape": 0.29192514560377364
  },
  "multi-layer-perceptron": {
    "training": 12.319015699999,
    "evaluation": 0.01742029999877559,
    "mae": 57.1870824732585,
    "rmse": 101.5431293179924,
    "mape": 0.28254575424143114
  },
  "xgboost": {
    "training": 0.20734799999627285,
    "evaluation": 0.011369799998647068,
    "mae": 55.97098159790039,
    "rmse": 101.9492416381836,
    "mape": 0.2694290578365326
  },
  "lightgbm": {
    "training": 0.1263847000009264,
    "evaluation": 0.017349699999613222,
    "mae": 55.14498109040667,
    "rmse": 100.72654713249764,
    "mape": 0.2691676275067827
  },
  "catboost": {
    "training": 4.442018299996562,
    "evaluation": 0.005720300003304146,
    "mae": 54.642240871518034,
    "rmse": 99.92405901748478,
    "mape": 0.2658362827221888
  }
}