{
  "lr": {
    "training": 0.004266200001438847,
    "prediction": 0.0015430999992531724,
    "evaluation": 0.0036732999978994485,
    "mae": 61.13231468614567,
    "mse": 11745.69397121825,
    "rmse": 108.37755289366082,
    "mape": 0.29192514560377364,
    "r2": 0.4438737358312528
  },
  "mlp": {
    "training": 11.623113300000114,
    "prediction": 0.01742460000241408,
    "evaluation": 0.0024998999979288783,
    "mae": 57.1870824732585,
    "mse": 10311.007111690527,
    "rmse": 101.5431293179924,
    "mape": 0.28254575424143114,
    "r2": 0.5118022077798873
  },
  "xgboost": {
    "training": 0.19295620000048075,
    "prediction": 0.011124099997687154,
    "evaluation": 0.0035939999979746062,
    "mae": 55.97098159790039,
    "mse": 10393.6474609375,
    "rmse": 101.9492416381836,
    "mape": 0.2694290578365326,
    "r2": 0.5078893899917603
  },
  "lightgbm": {
    "training": 0.11902249999911874,
    "prediction": 0.014493200000288198,
    "evaluation": 0.0024841000013111625,
    "mae": 55.14498109040667,
    "mse": 10145.83729723527,
    "rmse": 100.72654713249764,
    "mape": 0.2691676275067827,
    "r2": 0.5196225436486346
  },
  "catboost": {
    "training": 4.136323200000334,
    "prediction": 0.005756399998062989,
    "evaluation": 0.002827399999659974,
    "mae": 54.642240871518034,
    "mse": 9984.817570529782,
    "rmse": 99.92405901748478,
    "mape": 0.2658362827221888,
    "r2": 0.5272463842909692
  }
}