{
  "lr": {
    "training": 0.00333649999993213,
    "evaluation": 0.0014636999999311229,
    "mae": 61.13231468614567,
    "rmse": 108.37755289366082,
    "mape": 0.29192514560377364
  },
  "mlp": {
    "training": 11.440271400000256,
    "evaluation": 0.017054299999927025,
    "mae": 57.1870824732585,
    "rmse": 101.5431293179924,
    "mape": 0.28254575424143114
  },
  "xgboost": {
    "training": 0.20110369999974864,
    "evaluation": 0.018063699999856908,
    "mae": 55.97098159790039,
    "rmse": 101.9492416381836,
    "mape": 0.2694290578365326
  },
  "lightgbm": {
    "training": 0.11681190000035713,
    "evaluation": 0.014463599999999133,
    "mae": 55.14498109040667,
    "rmse": 100.72654713249764,
    "mape": 0.2691676275067827
  },
  "catboost": {
    "training": 4.413329399999839,
    "evaluation": 0.006278300000303716,
    "mae": 54.642240871518034,
    "rmse": 99.92405901748478,
    "mape": 0.2658362827221888
  }
}