{
  "lr": {
    "training": 0.00541950000115321,
    "prediction": 0.00230089999968186,
    "evaluation": 0.00250909999886062,
    "mae": 61.13231468614567,
    "mse": 11745.69397121825,
    "rmse": 108.37755289366082,
    "mape": 0.29192514560377364,
    "r2": 0.4438737358312528
  },
  "mlp": {
    "training": 14.60888359999808,
    "prediction": 0.017356100001052255,
    "evaluation": 0.003397600001335377,
    "mae": 57.1870824732585,
    "mse": 10311.007111690527,
    "rmse": 101.5431293179924,
    "mape": 0.28254575424143114,
    "r2": 0.5118022077798873
  },
  "xgboost": {
    "training": 0.2088679000007687,
    "prediction": 0.012647199997445568,
    "evaluation": 0.003559999997378327,
    "mae": 55.97098159790039,
    "mse": 10393.6474609375,
    "rmse": 101.9492416381836,
    "mape": 0.2694290578365326,
    "r2": 0.5078893899917603
  },
  "lightgbm": {
    "training": 0.1371185999996669,
    "prediction": 0.019008199997188058,
    "evaluation": 0.004016500002762768,
    "mae": 55.14498109040667,
    "mse": 10145.83729723527,
    "rmse": 100.72654713249764,
    "mape": 0.2691676275067827,
    "r2": 0.5196225436486346
  },
  "catboost": {
    "training": 4.201138500000525,
    "prediction": 0.006981999998970423,
    "evaluation": 0.0034525000010035,
    "mae": 54.642240871518034,
    "mse": 9984.817570529782,
    "rmse": 99.92405901748478,
    "mape": 0.2658362827221888,
    "r2": 0.5272463842909692
  }
}