{
  "lr": {
    "training": 0.006915899999967223,
    "evaluation": 0.002815600000303675,
    "mae": 52.32147303666105,
    "rmse": 110.90804366804063,
    "mape": 0.19567486104489565
  },
  "mlp": {
    "training": 5.757444600000326,
    "evaluation": 0.01827480000019932,
    "mae": 51.99954763797878,
    "rmse": 111.41230378267517,
    "mape": 0.1891051445814293
  },
  "xgboost": {
    "training": 0.23217449999992823,
    "evaluation": 0.01378789999989749,
    "mae": 50.30146408081055,
    "rmse": 109.02212524414062,
    "mape": 0.18733346462249756
  },
  "lightgbm": {
    "training": 0.13906309999993027,
    "evaluation": 0.03518819999999323,
    "mae": 50.10524760165021,
    "rmse": 108.75165968807129,
    "mape": 0.18649029644396325
  },
  "catboost": {
    "training": 4.49193809999997,
    "evaluation": 0.007100299999819981,
    "mae": 49.57830286305311,
    "rmse": 108.46780912716109,
    "mape": 0.1839884893340993
  }
}