{
  "linear-regression": {
    "training": 0.0041482000015093945,
    "evaluation": 0.0022639000017079525,
    "mae": 52.32147303666105,
    "rmse": 110.90804366804063,
    "mape": 0.19567486104489565
  },
  "multi-layer-perceptron": {
    "training": 4.095728899999813,
    "evaluation": 0.017733300002873875,
    "mae": 51.99954763797878,
    "rmse": 111.41230378267517,
    "mape": 0.1891051445814293
  },
  "xgboost": {
    "training": 0.1987100999976974,
    "evaluation": 0.011518100000103004,
    "mae": 50.30146408081055,
    "rmse": 109.02212524414062,
    "mape": 0.18733346462249756
  },
  "lightgbm": {
    "training": 0.1352792000034242,
    "evaluation": 0.021578899999440182,
    "mae": 50.10524760165021,
    "rmse": 108.75165968807129,
    "mape": 0.18649029644396325
  },
  "catboost": {
    "training": 4.072639899997739,
    "evaluation": 0.005570699999225326,
    "mae": 49.57830286305311,
    "rmse": 108.46780912716109,
    "mape": 0.1839884893340993
  }
}