{
  "lr": {
    "training": 0.006365799999912269,
    "prediction": 0.0017974999973375816,
    "evaluation": 0.003129800003080163,
    "mae": 52.32147303666105,
    "mse": 12300.594150272007,
    "rmse": 110.90804366804063,
    "mape": 0.19567486104489565,
    "r2": 0.4176007404407788
  },
  "mlp": {
    "training": 5.19876640000075,
    "prediction": 0.018908800000644987,
    "evaluation": 0.0041572000009182375,
    "mae": 51.99954763797878,
    "mse": 12412.701434163095,
    "rmse": 111.41230378267517,
    "mape": 0.1891051445814293,
    "r2": 0.4122927692703032
  },
  "xgboost": {
    "training": 0.22583319999830564,
    "prediction": 0.013362399997276952,
    "evaluation": 0.003928899997845292,
    "mae": 50.30146408081055,
    "mse": 11885.8232421875,
    "rmse": 109.02212524414062,
    "mape": 0.18733346462249756,
    "r2": 0.43723899126052856
  },
  "lightgbm": {
    "training": 0.14217830000052345,
    "prediction": 0.023883799996838206,
    "evaluation": 0.004974600000423379,
    "mae": 50.10524760165021,
    "mse": 11826.92348491007,
    "rmse": 108.75165968807129,
    "mape": 0.18649029644396325,
    "r2": 0.4400277420483081
  },
  "catboost": {
    "training": 4.3181524999999965,
    "prediction": 0.00734780000129831,
    "evaluation": 0.003767800000787247,
    "mae": 49.57830286305311,
    "mse": 11765.265616846249,
    "rmse": 108.46780912716109,
    "mape": 0.1839884893340993,
    "r2": 0.442947072307292
  }
}