{
  "lr": {
    "training": 0.0035940999987360556,
    "prediction": 0.0028313999973761383,
    "evaluation": 0.0035069000005023554,
    "mae": 52.32147303666105,
    "mse": 12300.594150272007,
    "rmse": 110.90804366804063,
    "mape": 0.19567486104489565,
    "r2": 0.4176007404407788
  },
  "mlp": {
    "training": 4.099201799999719,
    "prediction": 0.018651299997145543,
    "evaluation": 0.0031415000012202654,
    "mae": 51.99954763797878,
    "mse": 12412.701434163095,
    "rmse": 111.41230378267517,
    "mape": 0.1891051445814293,
    "r2": 0.4122927692703032
  },
  "xgboost": {
    "training": 0.2038234999999986,
    "prediction": 0.012786100000084843,
    "evaluation": 0.0032905000007303897,
    "mae": 50.30146408081055,
    "mse": 11885.8232421875,
    "rmse": 109.02212524414062,
    "mape": 0.18733346462249756,
    "r2": 0.43723899126052856
  },
  "lightgbm": {
    "training": 0.1319589000013366,
    "prediction": 0.01805180000155815,
    "evaluation": 0.003260099998442456,
    "mae": 50.10524760165021,
    "mse": 11826.92348491007,
    "rmse": 108.75165968807129,
    "mape": 0.18649029644396325,
    "r2": 0.4400277420483081
  },
  "catboost": {
    "training": 4.076774199998908,
    "prediction": 0.005442499998025596,
    "evaluation": 0.0027258000009169336,
    "mae": 49.57830286305311,
    "mse": 11765.265616846249,
    "rmse": 108.46780912716109,
    "mape": 0.1839884893340993,
    "r2": 0.442947072307292
  }
}