{
  "base": {
    "linear-regression": {
      "MAE": 37.16936268699316,
      "RMSE": 78.42370770076617,
      "MAPE": 0.17365049908809857
    },
    "xgboost": {
      "MAE": 35.4808464050293,
      "RMSE": 77.87682143235078,
      "MAPE": 0.1649097204208374
    },
    "lightgbm": {
      "MAE": 35.21461966552676,
      "RMSE": 77.26068911813483,
      "MAPE": 0.1643120624691614
    },
    "catboost": {
      "MAE": 34.735039866663,
      "RMSE": 76.77020340012379,
      "MAPE": 0.16155636164327142
    },
    "multi-layer-perceptron": {
      "MAE": 36.082712498053176,
      "RMSE": 77.45374449466748,
      "MAPE": 0.16366819246530281
    }
  },
  "closure": {
    "linear-regression": {
      "MAE": 61.13231468614567,
      "RMSE": 108.37755289366082,
      "MAPE": 0.29192514560377364
    },
    "xgboost": {
      "MAE": 55.97098159790039,
      "RMSE": 101.94923962903059,
      "MAPE": 0.2694290578365326
    },
    "lightgbm": {
      "MAE": 55.14498109040667,
      "RMSE": 100.72654713249764,
      "MAPE": 0.2691676275067827
    },
    "catboost": {
      "MAE": 54.642240871518034,
      "RMSE": 99.92405901748478,
      "MAPE": 0.2658362827221888
    },
    "multi-layer-perceptron": {
      "MAE": 57.1870824732585,
      "RMSE": 101.5431293179924,
      "MAPE": 0.28254575424143114
    }
  },
  "rain": {
    "linear-regression": {
      "MAE": 55.45521433994533,
      "RMSE": 119.76639869470884,
      "MAPE": 0.19812904212263965
    },
    "xgboost": {
      "MAE": 52.32539367675781,
      "RMSE": 116.19259335258853,
      "MAPE": 0.18765997886657715
    },
    "lightgbm": {
      "MAE": 51.99031130187584,
      "RMSE": 115.51162234441693,
      "MAPE": 0.18680799733334125
    },
    "catboost": {
      "MAE": 51.24499912911662,
      "RMSE": 114.55255938875722,
      "MAPE": 0.18366193233659917
    },
    "multi-layer-perceptron": {
      "MAE": 54.80855858944294,
      "RMSE": 119.55384073355147,
      "MAPE": 0.19257812749226008
    }
  }
}